热功率,电功率,主回路1冷却剂流量,主回路2冷却剂流量,主回路1热管段冷却剂温度,主回路2热管段冷却剂温度,主回路1冷管段冷却剂温度,主回路2冷管段冷却剂温度,主回路1蒸汽发生器二次侧压力,主回路2蒸汽发生器二次侧压力,主回路1蒸汽发生器水位,主回路2蒸汽发生器水位,主回路1蒸汽发生器给水流量,主回路2蒸汽发生器给水流量,主回路1蒸汽发生器给水温度,主回路2蒸汽发生器给水温度,主回路1蒸汽发生器蒸汽出口流量,主回路2蒸汽发生器蒸汽出口流量,主回路1蒸汽发生器蒸汽出口温度,主回路2蒸汽发生器蒸汽出口温度,稳压器压力,稳压器水位,稳压器蒸汽空间温度,稳压器水空间温度
0.160903184,0.048593129,0.998913603,1,0.081154712,0.081153337,0.076933877,0.076898367,0.000307297,0.000311221,0.001523582,0.001523554,0.040452805,0.040693039,0.050855427,0.050855482,0.039669019,0.039904197,0.074953702,0.074996203,0.002894136,0,0.097514964,0.091348048
0.160908075,0.048593581,0.998930923,1,0.081155881,0.081154498,0.076934976,0.076899406,0.00030733,0.000311337,0.001523662,0.00152369,0.040472908,0.040713673,0.050855946,0.050856001,0.039665623,0.039903622,0.074953629,0.074997952,0.002894102,0,0.097520413,0.091349363
0.160911093,0.048593108,0.99893268,1,0.081154992,0.081154056,0.076934481,0.07689892,0.000307163,0.000311446,0.001523712,0.001523823,0.040464342,0.040693828,0.050855579,0.050855634,0.03963371,0.039884914,0.074952104,0.074998139,0.002894064,0,0.097527284,0.091349071
0.16090702,0.048590345,0.998903776,1,0.081152297,0.081151133,0.076931657,0.076896123,0.000307319,0.000311436,0.001523744,0.001523772,0.040486113,0.040712167,0.050853677,0.050853732,0.039664843,0.039914525,0.074950882,0.074994351,0.002893939,0,0.097515666,0.091345898
0.160913417,0.048591504,0.998930256,1,0.081154635,0.081153337,0.076933618,0.076898083,0.000307411,0.000311141,0.001523872,0.001523789,0.040475699,0.04071475,0.050854957,0.050855041,0.039633411,0.039865607,0.074953594,0.074994299,0.00289397,0,0.097516312,0.091348285
0.160917839,0.048590219,0.998936729,1,0.08115458,0.0811535,0.076933716,0.076898121,0.000307495,0.000311418,0.001523933,0.001523933,0.040490355,0.040735319,0.050855063,0.050855118,0.039681083,0.039913668,0.074953431,0.074996177,0.002893925,0,0.097523333,0.091348402
0.160918476,0.048589453,0.998928178,1,0.081153245,0.081152056,0.076932279,0.07689666,0.000307213,0.000311248,0.001523881,0.001523909,0.040488642,0.040730035,0.050854068,0.050854123,0.039598417,0.039837465,0.074949294,0.07499289,0.002893852,0,0.097519995,0.091347126
0.160916437,0.048586413,0.998917933,1,0.081152343,0.081151129,0.07693128,0.076895661,0.000307432,0.000311438,0.00152395,0.001523978,0.040501259,0.040740305,0.050853525,0.050853605,0.039682335,0.03992265,0.074950682,0.074993899,0.002893853,0,0.097509913,0.091345802
0.160921194,0.048587136,0.998927974,1,0.081153197,0.081151814,0.07693181,0.076896215,0.000307269,0.000311303,0.001523994,0.001523994,0.040527622,0.040766059,0.050853829,0.050853884,0.039620732,0.039860966,0.074948896,0.074992451,0.002893746,0,0.097514697,0.091346303
0.160925293,0.048585704,0.998941391,1,0.081153179,0.081152184,0.076932066,0.076896472,0.000307465,0.000311444,0.001524116,0.001524116,0.040515105,0.040752908,0.050854121,0.050854205,0.039671269,0.039911922,0.074951214,0.074994516,0.002893711,0,0.097519936,0.091346988
0.16092204,0.048584179,0.998914236,1,0.081150877,0.081149578,0.076929561,0.076894001,0.000307539,0.000311545,0.001524181,0.001524208,0.040550155,0.040788338,0.050852448,0.050852503,0.039686341,0.039926928,0.074949323,0.074992734,0.002893653,0,0.097508252,0.091344029
0.160927288,0.048585487,0.998928519,1,0.081152059,0.081150727,0.076930611,0.076895051,0.000307544,0.000311606,0.001524262,0.001524318,0.040544995,0.040782744,0.050853214,0.050853268,0.039673127,0.03991532,0.074949538,0.074994189,0.002893592,0,0.09751029,0.09134516
0.160931049,0.048585308,0.998932301,1,0.081151347,0.081150243,0.076930075,0.07689449,0.000307322,0.000311328,0.001524312,0.001524312,0.040521416,0.040754159,0.050853165,0.05085322,0.039585303,0.03982932,0.074947129,0.074989967,0.002893526,0,0.0975143,0.091344714
0.160930979,0.048581446,0.998914039,1,0.081149847,0.081148548,0.076928407,0.076892822,0.000307565,0.000311516,0.00152434,0.00152434,0.040527784,0.040767156,0.050852441,0.050852496,0.03968442,0.039922438,0.074947875,0.07499104,0.002893419,0,0.097503859,0.091342616
0.160936456,0.048582232,0.99892974,1,0.081150954,0.081149655,0.076929287,0.076893693,0.000307597,0.000311383,0.001524446,0.001524391,0.04056586,0.040808579,0.050853124,0.050853179,0.039655283,0.039888355,0.074948277,0.074989504,0.002893381,0,0.09750561,0.091343579
0.16094206,0.048582198,0.998947737,1,0.08115182,0.081150597,0.07693006,0.076894441,0.00030738,0.000311581,0.001524496,0.001524551,0.040536642,0.040778205,0.050853948,0.050854003,0.03963785,0.039878527,0.074947336,0.074992653,0.002893339,0,0.097513115,0.091344664
0.160941266,0.048580094,0.99893366,1,0.081149547,0.081148695,0.076928163,0.076892519,0.000307595,0.000311491,0.001524546,0.001524546,0.04057265,0.040809287,0.050852905,0.050852985,0.039664259,0.039905399,0.074946838,0.074988891,0.002893223,0,0.097510193,0.091342631
0.160940143,0.04857907,0.99891816,1,0.081148568,0.081147269,0.07692669,0.076891105,0.000307425,0.000311486,0.001524551,0.001524579,0.040555773,0.040795859,0.050852235,0.05085229,0.0396364,0.039875575,0.074944121,0.074988551,0.002893152,0,0.097499637,0.09134075
0.160945691,0.04857831,0.998929684,1,0.081149218,0.081147894,0.076927209,0.076891624,0.000307566,0.000311656,0.001524679,0.001524706,0.040588413,0.040824826,0.050852879,0.050852963,0.039685166,0.03992835,0.074945976,0.074990019,0.002893018,0,0.097500907,0.09134121
0.160950293,0.048579311,0.998939997,1,0.081149449,0.081148344,0.076927543,0.076891949,0.000307458,0.000311575,0.001524773,0.001524828,0.040578881,0.040809304,0.050853459,0.050853513,0.039639928,0.039887979,0.074944524,0.074989174,0.002893013,0,0.097507029,0.091341653
0.160948851,0.048576593,0.998911365,1,0.08114645,0.081145287,0.076924523,0.07688899,0.000307641,0.000311537,0.00152483,0.001524775,0.040566442,0.040806221,0.05085196,0.050852015,0.039651144,0.039889127,0.074943622,0.074985699,0.002892856,0,0.097498384,0.091338164
0.160951706,0.048575959,0.998912442,1,0.081146608,0.081145251,0.076924452,0.076888868,0.000307697,0.000311676,0.001524917,0.001524917,0.040592478,0.040834168,0.050852213,0.050852297,0.039690307,0.039927102,0.074943825,0.074986923,0.002892725,0,0.097492744,0.091337957
0.160954829,0.048576394,0.998913856,1,0.081146541,0.081145132,0.076924243,0.076888625,0.000307449,0.000311731,0.001524892,0.001525002,0.040578697,0.040810824,0.050852541,0.050852596,0.039641184,0.03988895,0.074940873,0.074987368,0.002892619,0,0.097493173,0.091337517
0.160962386,0.048576416,0.998934077,1,0.081147327,0.081146247,0.076925156,0.076889563,0.00030773,0.000311819,0.001525081,0.001525137,0.040592383,0.040821559,0.050853678,0.050853758,0.039681878,0.039933349,0.074944157,0.074988672,0.002892637,0,0.097501453,0.091338768
0.160962534,0.048576145,0.998925053,1,0.081145955,0.08114485,0.076923709,0.07688815,0.00030756,0.000311456,0.001525088,0.00152506,0.040575951,0.040813935,0.050853236,0.050853316,0.039621522,0.039861471,0.074941246,0.074983526,0.002892513,0,0.097495879,0.091337396
0.160962115,0.048573625,0.998910229,1,0.081144742,0.081143385,0.076922201,0.076886584,0.000307665,0.000311754,0.001525118,0.001525146,0.040572644,0.040810131,0.050852889,0.050852944,0.039656917,0.039898684,0.074940538,0.074984781,0.002892356,0,0.09748636,0.091335463
0.160966949,0.048573992,0.998929433,1,0.081146036,0.081144763,0.076923377,0.076887734,0.000307616,0.000311567,0.001525204,0.001525177,0.040606091,0.040846703,0.050854073,0.050854128,0.0396602,0.039900867,0.074941185,0.074983903,0.002892304,0,0.097492265,0.091336793
0.16097193,0.048573762,0.998939347,1,0.081145765,0.081144744,0.076923215,0.076887597,0.0003077,0.000311734,0.00152529,0.00152529,0.040582195,0.040822997,0.050854539,0.050854623,0.03964807,0.039888045,0.074941482,0.074985111,0.002892282,0,0.097496556,0.091336872
0.160968123,0.048570891,0.998900133,1,0.081142192,0.081141087,0.076919726,0.076884084,0.000307714,0.000311748,0.001525309,0.001525337,0.040618009,0.040858805,0.050852652,0.050852706,0.039688071,0.0399295,0.074938254,0.074981906,0.002892105,0,0.097483788,0.091332626
0.160972227,0.048571738,0.998904917,1,0.081142558,0.0811412,0.076919776,0.076884134,0.000307605,0.000311612,0.001525344,0.001525344,0.040582096,0.040822615,0.050853262,0.050853316,0.0396159,0.039856917,0.074936877,0.074980176,0.002891954,0,0.097481806,0.091332519
0.160981001,0.04857113,0.998930792,1,0.08114424,0.081143076,0.076921483,0.076885866,0.000307751,0.000311813,0.001525495,0.001525495,0.040615458,0.040856869,0.050854977,0.050855062,0.039692731,0.039933366,0.074940134,0.074983797,0.002891947,0,0.09748809,0.091334552
0.160986993,0.048572127,0.998942659,1,0.081144111,0.081143276,0.076921552,0.076885908,0.000307643,0.000311677,0.001525585,0.001525585,0.040605114,0.040842601,0.050855657,0.050855712,0.039633281,0.039877484,0.074938481,0.074982,0.002891934,0,0.097491106,0.091334889
0.160983467,0.048568883,0.998901086,1,0.081140646,0.081139483,0.076917911,0.076882269,0.000307795,0.000311773,0.001525601,0.001525601,0.040598432,0.040840441,0.050853885,0.05085397,0.039676019,0.039915043,0.074936613,0.074979667,0.002891751,0,0.09747816,0.091330309
0.160990731,0.048569864,0.998920423,1,0.081142329,0.081140972,0.076919177,0.076883535,0.000307884,0.000311863,0.001525743,0.001525743,0.040618093,0.040860549,0.050855331,0.050855386,0.039693725,0.039932779,0.074938176,0.074981281,0.002891673,0,0.097477097,0.091331791
0.160995313,0.048571226,0.998933025,1,0.081142969,0.08114167,0.07691972,0.076884077,0.000307639,0.000311673,0.001525788,0.001525815,0.04058986,0.040830936,0.05085641,0.050856465,0.039615382,0.039855493,0.074936201,0.074979778,0.002891594,0,0.097482275,0.091332483
0.160998085,0.048569071,0.998926967,1,0.081141559,0.081140479,0.076918469,0.076882852,0.000307884,0.00031189,0.00152588,0.001525908,0.040601063,0.040841225,0.050856411,0.050856466,0.039691419,0.039932437,0.074937302,0.074980592,0.002891532,0,0.097480535,0.091331255
0.160999312,0.0485688,0.998918073,1,0.081140881,0.081139557,0.076917442,0.076881834,0.000307936,0.000311832,0.001525977,0.001525921,0.040619596,0.040859866,0.05085634,0.050856395,0.039692278,0.039931637,0.074936925,0.074978925,0.002891396,0,0.097472113,0.091329854
0.161004577,0.048570585,0.998940985,1,0.081142181,0.081141051,0.076918735,0.076883118,0.000307915,0.000311728,0.001526065,0.00152601,0.040587891,0.040838803,0.050857984,0.050858039,0.039650164,0.039878255,0.0749374,0.074979072,0.002891347,0,0.097480534,0.091331515
0.161006251,0.048568923,0.9989263,1,0.081140217,0.081139247,0.076916938,0.076881296,0.000307716,0.000311943,0.001526035,0.001526118,0.04058931,0.040828227,0.050857656,0.050857715,0.039650994,0.039894747,0.074933819,0.074979268,0.002891263,0,0.097476287,0.091329344
0.161009411,0.048568077,0.998927988,1,0.081140028,0.081138948,0.076916534,0.076880917,0.000307909,0.000311998,0.001526144,0.001526199,0.040616212,0.040850568,0.050858136,0.050858191,0.039692346,0.039939472,0.074934994,0.074979472,0.002891178,0,0.097474127,0.09132896
0.161012757,0.048568861,0.998931493,1,0.081140102,0.081138854,0.076916347,0.076880756,0.000307771,0.000311805,0.001526175,0.00152623,0.040604022,0.040835312,0.050858756,0.05085881,0.039628899,0.039875498,0.074933083,0.07497666,0.0028911,0,0.097471188,0.091328691
0.161014236,0.048567163,0.998916335,1,0.08113843,0.08113719,0.07691464,0.076879083,0.000307959,0.000311938,0.001526258,0.001526286,0.04059064,0.040828976,0.050858509,0.050858569,0.039672733,0.039912144,0.074933326,0.07497659,0.002890966,0,0.097468423,0.091326618
0.161018444,0.048566744,0.998919033,1,0.08113817,0.081136981,0.076914345,0.076878788,0.000307987,0.000311855,0.001526342,0.001526314,0.040620504,0.04086088,0.050858951,0.050859035,0.039685294,0.039923023,0.074933333,0.074975164,0.002890884,0,0.097467421,0.091326245
0.161023213,0.048567353,0.99892227,1,0.081137993,0.081136729,0.076914042,0.076878451,0.000307766,0.000311883,0.001526342,0.001526397,0.040586378,0.040828137,0.050859585,0.05085964,0.039630089,0.039868644,0.074930703,0.074975274,0.002890801,0,0.097466341,0.091325992
0.161028219,0.048561819,0.998929821,1,0.081137913,0.081136809,0.076914053,0.076878436,0.000307988,0.000312022,0.001526486,0.001526514,0.040615018,0.040852772,0.05086039,0.050860475,0.03969843,0.039941931,0.074932729,0.074976515,0.002890731,0,0.097468181,0.091326126
0.16102993,0.048562235,0.998919784,1,0.081136748,0.081135559,0.07691274,0.076877157,0.000307846,0.000311908,0.001526494,0.001526522,0.040612333,0.040846324,0.050860278,0.050860333,0.039645913,0.039891675,0.074929511,0.074973407,0.002890638,0,0.0974631,0.09132449
0.16103348,0.048560873,0.998916215,1,0.081136034,0.081134929,0.076912032,0.076876475,0.00030801,0.000311961,0.001526624,0.001526624,0.040585536,0.040825605,0.050860729,0.050860784,0.039665677,0.039904861,0.074930601,0.07497362,0.002890568,0,0.097461389,0.091323587
0.161045276,0.048562986,0.998935802,1,0.081139053,0.081137898,0.076914766,0.076879157,0.00030794,0.000311974,0.001526712,0.001526712,0.040618832,0.040858612,0.050863267,0.050863347,0.039680234,0.039921253,0.074932211,0.074975813,0.002890571,0,0.097464497,0.091326984
0.161055919,0.048565071,0.998948499,1,0.081144032,0.081141165,0.076917801,0.076882182,0.000307734,0.000311685,0.001526594,0.001526594,0.040588664,0.040827874,0.050866206,0.050866261,0.039651703,0.039891797,0.07493589,0.074978837,0.002889525,0,0.097459089,0.091333459
0.161069237,0.0485654,0.998952188,1,0.081146519,0.081142066,0.076918537,0.076882917,0.000307547,0.000311498,0.001526433,0.001526405,0.040617842,0.040859599,0.050867579,0.050867638,0.03970949,0.03994851,0.074938077,0.074980637,0.002887928,0,0.097447769,0.091337374
0.16107835,0.048567383,0.998963427,1,0.081148913,0.08114344,0.076919716,0.07688412,0.00030703,0.000311009,0.001526168,0.001526168,0.040595357,0.040840325,0.050869209,0.050869264,0.039642574,0.039878256,0.074936801,0.07498018,0.002886373,0,0.097437542,0.091340607
0.161077087,0.048566663,0.998971231,1,0.08115075,0.08114445,0.076920663,0.076885075,0.00030687,0.000310905,0.001525979,0.001526007,0.040594942,0.040833113,0.050870722,0.050870777,0.039683835,0.039927286,0.074939343,0.074983085,0.002884886,0,0.097423513,0.091342583
0.161067643,0.048567908,0.998977484,1,0.08115266,0.081145551,0.076921793,0.076886111,0.000306711,0.000310552,0.001525873,0.00152579,0.040611216,0.040853373,0.050872154,0.050872209,0.03969487,0.039932991,0.074941282,0.074982588,0.002883455,0,0.097404421,0.091344092
0.161051354,0.048568729,0.998978278,1,0.081153868,0.081146101,0.07692255,0.076886658,0.000306412,0.000310363,0.001525675,0.001525675,0.04059324,0.040837859,0.050873338,0.050873393,0.039680166,0.0399113,0.074940856,0.074984128,0.00288206,0,0.097380583,0.091344706
0.161030918,0.048569305,0.998981567,1,0.081155197,0.081146797,0.076923672,0.076887442,0.000306085,0.00031023,0.001525507,0.001525535,0.04059791,0.040836014,0.050874619,0.050874674,0.039677251,0.039922178,0.074941135,0.074985765,0.002880727,0,0.097350411,0.091345374
0.161009364,0.048570233,0.99898445,1,0.081156644,0.081147553,0.076924851,0.07688835,0.000306008,0.000309877,0.001525424,0.001525369,0.040597253,0.040837988,0.050876027,0.050876081,0.039689013,0.039929693,0.074942834,0.074984758,0.00287948,0,0.097313927,0.091346102
0.160986128,0.048570593,0.998983493,1,0.081157509,0.081147726,0.076925639,0.076888801,0.000305735,0.000309687,0.001525304,0.001525249,0.040598568,0.040840964,0.050877077,0.050877161,0.039669507,0.039905353,0.074942874,0.074985928,0.002878298,0,0.097267478,0.091346253
0.160963065,0.048570389,0.998984155,1,0.081158348,0.081148008,0.076926451,0.0768893,0.000305711,0.000309608,0.00152524,0.001525157,0.040598463,0.040840389,0.050878175,0.050878259,0.039713002,0.039949619,0.074944572,0.074986303,0.002877173,0,0.097216976,0.091346552
0.160937814,0.048571569,0.998981448,1,0.081158741,0.081147911,0.076926952,0.076889496,0.000305603,0.000309279,0.00152517,0.001525031,0.040597224,0.040842054,0.050879066,0.050879125,0.03968583,0.039912007,0.074945334,0.074985404,0.002876092,0,0.097159991,0.091346565
0.16091293,0.048577505,0.998983796,1,0.081159491,0.081148189,0.076927867,0.076890107,0.000305414,0.000309338,0.001525079,0.001525024,0.040597061,0.040842833,0.050880254,0.050880309,0.039699503,0.03992977,0.074944292,0.074987458,0.002875134,0,0.097097465,0.091347144
0.160846299,0.048566009,0.993820814,1,0.081175017,0.081127848,0.076909338,0.076871319,0.000306662,0.000310475,0.001526129,0.001526018,0.040592205,0.040833523,0.050869363,0.050869418,0.039656055,0.039889965,0.074927152,0.074967718,0.002873521,0,0.096983152,0.091327453
0.160835014,0.048562557,0.993687347,1,0.08118959,0.081131038,0.076911262,0.076872964,0.000309041,0.000312881,0.001528459,0.001528376,0.040592734,0.040838117,0.050872528,0.050872607,0.039710289,0.039939424,0.074929916,0.074971865,0.002871522,0,0.096876387,0.091330125
0.160850533,0.048571307,0.99368519,1,0.081196038,0.081136694,0.076913377,0.076874505,0.000311444,0.000315174,0.001530973,0.001530835,0.040596489,0.040840017,0.05087556,0.050875615,0.039670362,0.039899467,0.074932258,0.074972015,0.002870361,0,0.096774946,0.091330442
0.160743773,0.04857216,0.993666147,1,0.081197785,0.081138517,0.076915426,0.076875838,0.00031426,0.00031788,0.001533725,0.001533476,0.040596765,0.040845127,0.050878356,0.050878411,0.039731207,0.039950699,0.074936144,0.074975183,0.002869676,0,0.096676852,0.091329011
0.160625732,0.048575004,0.993631659,1,0.081198451,0.081139438,0.076917891,0.076876474,0.000317045,0.000320443,0.001536598,0.001536156,0.040596023,0.04084662,0.050880686,0.050880741,0.039724432,0.039935547,0.074938509,0.074974724,0.002869292,0,0.096581366,0.091326018
0.160509618,0.048577017,0.993576575,1,0.081197249,0.081139122,0.076922259,0.076876922,0.000319993,0.000323336,0.001539598,0.001539046,0.040595336,0.040851259,0.05088281,0.050882865,0.039744352,0.039946178,0.074940583,0.074976721,0.002869248,0,0.096492858,0.09132194
0.16040418,0.048578669,0.99350539,1,0.081192483,0.081136399,0.076925659,0.076876042,0.000323072,0.00032636,0.001542673,0.001542038,0.040593863,0.040850798,0.050883907,0.050883962,0.039768889,0.039967362,0.07494123,0.074976286,0.002869772,0,0.096415162,0.091314524
0.160321669,0.048583476,0.993459236,1,0.081192463,0.081137568,0.076932069,0.076879298,0.000326167,0.000329123,0.001545855,0.001545054,0.040594478,0.040854727,0.050887616,0.050887696,0.039739692,0.039926064,0.074945366,0.07497678,0.002870747,0,0.096348158,0.09131224
0.160255699,0.048587392,0.993432981,1,0.081194046,0.08113953,0.076937871,0.076882975,0.000329183,0.000332084,0.001548803,0.001548002,0.040595281,0.040861613,0.050891702,0.050891757,0.03977792,0.039954736,0.074950367,0.074982085,0.002871143,0,0.096285043,0.091312622
0.160202014,0.048591987,0.993414488,1,0.081196185,0.081141862,0.076942614,0.076886251,0.000332088,0.000334989,0.001551695,0.001550922,0.040596462,0.04086321,0.050895659,0.050895714,0.039791274,0.039966516,0.074954917,0.074986173,0.002871206,0,0.096226253,0.091313584
0.160134253,0.048596816,0.993405708,1,0.08119858,0.081144408,0.07694651,0.07688921,0.000334937,0.000337673,0.001554477,0.001553675,0.040597966,0.040865712,0.050899469,0.050899524,0.039779754,0.03994964,0.074959456,0.074987887,0.002870991,0,0.096171804,0.0913147
0.160043793,0.048600432,0.993388306,1,0.081200261,0.081146055,0.076949044,0.076891103,0.000337755,0.000340214,0.001557184,0.00155641,0.040598514,0.040873688,0.050902608,0.050902668,0.039763061,0.039915847,0.0749629,0.074989923,0.002870687,0,0.096117996,0.091314719
0.159941902,0.048603489,0.993388682,1,0.08120283,0.081148674,0.076952486,0.076893996,0.000340579,0.000343148,0.001559887,0.001559224,0.04060035,0.040876527,0.05090645,0.050906479,0.039812463,0.039966079,0.074967342,0.074995107,0.002870314,0,0.096070008,0.091316027
0.159834723,0.048607772,0.993382562,1,0.081204479,0.081150212,0.076955326,0.076896304,0.000343372,0.000345913,0.001562551,0.001561998,0.04060228,0.040878072,0.05090981,0.050909839,0.039807786,0.039961512,0.074971019,0.074998616,0.002869838,0,0.096023832,0.091316587
0.159733481,0.048611932,0.993375901,1,0.081205716,0.08115123,0.076958242,0.076898672,0.000346137,0.000348651,0.00156527,0.001564745,0.040604498,0.04088057,0.050913161,0.050913216,0.039805023,0.039957481,0.074974662,0.075001382,0.002869335,0,0.095978565,0.091317017
0.159643878,0.048616049,0.993373176,1,0.081207032,0.081152267,0.076961792,0.076901613,0.00034885,0.000350977,0.001567945,0.001567337,0.040606626,0.040887199,0.050916839,0.050916868,0.039747045,0.039883919,0.074977609,0.075000763,0.002868824,0,0.095936001,0.09131798
0.159566984,0.048617264,0.993360801,1,0.081207068,0.081152252,0.076964658,0.076903813,0.000351531,0.000353908,0.001570577,0.001570107,0.040611257,0.040894598,0.050919944,0.050919999,0.039798782,0.039937343,0.074980956,0.075006513,0.002868229,0,0.095892974,0.091317876
0.159504269,0.048620442,0.993358132,1,0.08120792,0.081153019,0.076968368,0.076906865,0.000354383,0.000356455,0.001573337,0.001572757,0.040613426,0.040896051,0.050923602,0.050923627,0.039802013,0.039934442,0.074985747,0.075007325,0.002867639,0,0.095852701,0.091318746
0.159447411,0.048623468,0.993347022,1,0.081208172,0.081153186,0.076971457,0.076909237,0.000357148,0.000359193,0.001576084,0.001575531,0.040614431,0.040903664,0.050926754,0.050926809,0.039814037,0.039935805,0.074989455,0.075011614,0.002867024,0,0.095811934,0.091318707
0.159396411,0.048626873,0.993337974,1,0.081208851,0.081153839,0.076974802,0.076911881,0.000359777,0.000361905,0.001578727,0.001578257,0.040616942,0.040905432,0.050930155,0.050930185,0.039807479,0.039932561,0.07499109,0.07501438,0.002866394,0,0.095772137,0.091318979
0.159344712,0.048630076,0.993335785,1,0.081209961,0.081154974,0.076978253,0.076914615,0.000362408,0.000364369,0.001581458,0.001580933,0.040623919,0.040911144,0.050933751,0.05093378,0.039772362,0.039895486,0.074995288,0.075016234,0.002865717,0,0.095733543,0.091319462
0.159289622,0.048631296,0.993326029,1,0.081210526,0.081155623,0.076980892,0.076916595,0.000365201,0.00036719,0.001584176,0.001583678,0.040625173,0.040915659,0.05093692,0.050936945,0.039835474,0.039954484,0.074998522,0.075020269,0.002865045,0,0.095695403,0.091319155
0.159232513,0.048634668,0.993316752,1,0.081211255,0.081156352,0.076983445,0.076918432,0.00036791,0.000369734,0.001587002,0.001586477,0.040630135,0.040920597,0.050940194,0.050940224,0.039777518,0.039895117,0.075000626,0.075020603,0.002863678,0,0.095654458,0.091318579
0.159171602,0.048635846,0.993305941,1,0.081211688,0.081156869,0.076985613,0.076919984,0.00037073,0.000372553,0.001589742,0.001589217,0.040631764,0.040925651,0.0509432,0.05094323,0.039834074,0.039944628,0.075004779,0.075024418,0.002862995,0,0.095616326,0.091317799
0.159109786,0.048639131,0.993300488,1,0.081212677,0.081157798,0.076988168,0.076921965,0.000373247,0.000374988,0.001592408,0.001591883,0.040634316,0.040929284,0.050946534,0.05094656,0.039809901,0.03991747,0.075006373,0.075025413,0.002862273,0,0.095579414,0.091317575
0.159047256,0.048641249,0.993295916,1,0.081213476,0.081158546,0.076990646,0.076923885,0.000375931,0.000377699,0.001595101,0.001594576,0.040640546,0.040936069,0.050949805,0.05094986,0.039796089,0.039902335,0.075009501,0.075028508,0.002861577,0,0.095542968,0.091317288
0.158987677,0.048642642,0.993288662,1,0.081213934,0.081158979,0.076992912,0.076925653,0.000378668,0.000380326,0.001597817,0.001597292,0.040641951,0.040938193,0.050953006,0.050953061,0.039851707,0.039956098,0.075013164,0.075031345,0.002860874,0,0.095506425,0.091316789
0.158932318,0.048646279,0.993291728,1,0.081215183,0.081160134,0.076995933,0.07692821,0.00038105,0.000382708,0.00160044,0.001599942,0.040646398,0.040945575,0.05095673,0.050956759,0.039779185,0.039877169,0.075014308,0.075031966,0.002860172,0,0.095471805,0.091317276
0.158878005,0.048646729,0.993281659,1,0.081215327,0.081160261,0.076997955,0.076929759,0.00038387,0.0003855,0.001603152,0.001602654,0.040651475,0.040949492,0.050959842,0.050959871,0.039838169,0.039938144,0.075018282,0.075035999,0.002859461,0,0.095435016,0.091316425
0.158827828,0.048649603,0.993283588,1,0.081216472,0.081161347,0.077000837,0.076932168,0.000386335,0.000387882,0.001605799,0.001605302,0.04065448,0.040954796,0.05096352,0.050963574,0.039804468,0.039899443,0.07501998,0.07503656,0.002858811,0,0.095400303,0.091316777
0.158776941,0.048650489,0.993270983,1,0.081216234,0.0811611,0.077002427,0.076933312,0.000389042,0.000390617,0.001608477,0.001608007,0.040659638,0.040960143,0.050966422,0.050966477,0.039826455,0.039920793,0.075022839,0.075039831,0.00285806,0,0.095363308,0.091315519
0.158728308,0.048652592,0.993267818,1,0.08121703,0.08116182,0.077004846,0.076935291,0.000391616,0.000393163,0.001611145,0.00161073,0.040662026,0.040962538,0.050969955,0.050969984,0.039845693,0.039940087,0.075025155,0.075042012,0.002857395,0,0.095328538,0.091315362
0.158678677,0.048655171,0.993264068,1,0.08121767,0.081162266,0.077006895,0.076936935,0.00039416,0.000395569,0.001613807,0.001613337,0.040668429,0.040970819,0.050973293,0.050973323,0.039779356,0.039869109,0.075026788,0.075042228,0.002856693,0,0.095292594,0.091314931
0.158628521,0.048655339,0.993257628,1,0.081217903,0.081162641,0.077008828,0.076938446,0.000396815,0.000398335,0.001616467,0.00161608,0.040670795,0.040974237,0.050976622,0.050976647,0.039859066,0.039947052,0.075030027,0.075046472,0.002855988,0,0.095257682,0.091314349
0.158579055,0.048658305,0.993255831,1,0.081218575,0.08116317,0.077010899,0.076940078,0.000399415,0.000400796,0.001619269,0.001618827,0.040677112,0.040978291,0.050980214,0.050980239,0.039789606,0.03988019,0.075030904,0.075045629,0.002855482,0,0.095220581,0.091313898
0.158530494,0.048658936,0.993251944,1,0.081219018,0.081163637,0.077012867,0.07694165,0.000402153,0.000403507,0.001621959,0.001621545,0.040680372,0.040987136,0.050983647,0.050983676,0.039842768,0.039923018,0.075034902,0.075049542,0.00285478,0,0.095185986,0.091313484
0.15848336,0.048660562,0.993250418,1,0.081219542,0.081164085,0.077014774,0.076943176,0.000404532,0.000405941,0.001624567,0.00162418,0.040684411,0.040989654,0.050987112,0.050987142,0.039812976,0.039896043,0.075034949,0.075049817,0.002854107,0,0.095151674,0.091313142
0.158436551,0.048661994,0.993247611,1,0.08122001,0.081164527,0.077016633,0.076944697,0.000407243,0.000408514,0.001627257,0.001626843,0.040690766,0.040997753,0.050990575,0.05099063,0.039824053,0.039902617,0.075038778,0.075052566,0.002853434,0,0.0951168,0.091312728
0.158390836,0.048662817,0.993246276,1,0.081220564,0.081164989,0.077018588,0.076946323,0.000409705,0.000411087,0.001629867,0.001629536,0.040693656,0.041000561,0.050994178,0.050994207,0.039839123,0.039919066,0.075039672,0.075054455,0.002852793,0,0.095083367,0.091312534
0.158345126,0.048664702,0.993239262,1,0.0812205,0.081164824,0.077019884,0.076947281,0.000412275,0.000413436,0.00163252,0.001632133,0.040700326,0.041007758,0.050997365,0.05099739,0.039801716,0.039878236,0.075041879,0.075054673,0.002852073,0,0.095048063,0.091311581
0.15830426,0.048665096,0.993239747,1,0.081220992,0.081165341,0.077021826,0.076948877,0.000414931,0.000416175,0.001635213,0.001634854,0.04070281,0.041012234,0.051001037,0.051001066,0.039868,0.039941703,0.075044885,0.075058345,0.002851461,0,0.09501495,0.091311463
0.158262217,0.048667568,0.99323407,1,0.081221111,0.081165341,0.077023237,0.076949951,0.000417226,0.000418441,0.001637786,0.001637454,0.040708779,0.041017736,0.051004423,0.051004452,0.03978131,0.039855233,0.075044084,0.075057071,0.002850802,0,0.094979819,0.09131076
0.158223124,0.048667616,0.993234887,1,0.081221634,0.081165923,0.07702514,0.076951542,0.000419965,0.000421181,0.001640481,0.001640177,0.0407142,0.0410244,0.051008169,0.051008194,0.039860313,0.039932027,0.075048508,0.075061495,0.002850136,0,0.094945931,0.091310666
0.158183006,0.048669233,0.993233513,1,0.081221914,0.081166059,0.07702661,0.076952741,0.000422288,0.000423476,0.001643057,0.001642753,0.040718385,0.041027898,0.051011671,0.051011701,0.0398063,0.039879144,0.075047879,0.075060723,0.002849483,0,0.094912763,0.091310232
0.158143642,0.048669775,0.993226902,1,0.081221807,0.081165961,0.077027787,0.07695358,0.000424996,0.000426129,0.001645765,0.001645461,0.040724651,0.041036011,0.051015034,0.051015059,0.039838845,0.039907793,0.075051341,0.075063721,0.002848847,0,0.094878085,0.09130944
0.158105431,0.048670475,0.993221166,1,0.081221802,0.081165871,0.077028901,0.076954459,0.0004274,0.000428561,0.001648335,0.001648086,0.040727285,0.041038287,0.051018416,0.051018441,0.039838464,0.039908132,0.075051241,0.075063739,0.002848212,0,0.094843454,0.091308652
0.158067568,0.048672155,0.993218326,1,0.081221769,0.081165787,0.077030062,0.076955333,0.000429916,0.000430993,0.00165099,0.001650713,0.040735147,0.041047174,0.051021865,0.051021894,0.039800122,0.039866831,0.075053201,0.07506478,0.002847579,0,0.094810553,0.091308056
0.158031398,0.048671813,0.993215335,1,0.081221869,0.081165904,0.077031464,0.07695644,0.000432625,0.000433814,0.001653759,0.001653565,0.040737959,0.04105062,0.051025621,0.051025651,0.039866267,0.039933587,0.07505485,0.075067947,0.002847119,0,0.094774382,0.091307548
0.157995843,0.048673924,0.993216649,1,0.08122235,0.0811662,0.077032927,0.076957615,0.000435004,0.000435999,0.001656393,0.001656144,0.040745661,0.041056915,0.051029346,0.051029371,0.03978418,0.039851307,0.075055746,0.07506633,0.002846526,0,0.094740972,0.091307365
0.157960273,0.048673339,0.993213134,1,0.081222266,0.081166166,0.077033994,0.076958472,0.000437658,0.000438735,0.001659047,0.001658854,0.040748661,0.041063895,0.05103285,0.051032879,0.039864448,0.039925878,0.075058059,0.075070111,0.002845921,0,0.094707936,0.091306769
0.157928017,0.048675324,0.993212976,1,0.081222454,0.081166303,0.077035247,0.076959446,0.000439953,0.000441003,0.00166165,0.001661457,0.040756144,0.041068204,0.05103653,0.051036559,0.039792698,0.039858746,0.075057973,0.075068945,0.002845295,0,0.09467542,0.091306383
0.157894443,0.048674706,0.993208318,1,0.081222206,0.081166139,0.077036212,0.076960166,0.000442661,0.000443628,0.001664304,0.001664111,0.040759946,0.041075709,0.051040032,0.051040057,0.039861966,0.039920832,0.0750614,0.075072018,0.00284466,0,0.094641788,0.091305531
0.157863314,0.048676831,0.993206823,1,0.08122232,0.08116611,0.07703729,0.076961016,0.0004449,0.00044595,0.001666877,0.001666711,0.040765129,0.041079011,0.051043684,0.051043684,0.039807951,0.039871292,0.075059868,0.075071338,0.002844057,0,0.094608352,0.091304912
0.157832097,0.048676547,0.993205125,1,0.081222275,0.081166065,0.077038318,0.076961791,0.000447554,0.000448466,0.001669533,0.001669367,0.040772182,0.041087861,0.05104727,0.051047325,0.039834266,0.03989255,0.075063465,0.075073501,0.002843453,0,0.094575107,0.091304165
0.157802926,0.048678203,0.993210199,1,0.08122281,0.081166565,0.077039806,0.076963068,0.000449879,0.000450929,0.001672116,0.001672005,0.040775766,0.041091473,0.051051294,0.051051319,0.039832453,0.039892172,0.075063091,0.075074316,0.00284284,0,0.094542248,0.09130494
0.157771845,0.048678435,0.993205086,1,0.081222971,0.081166289,0.077040508,0.076963542,0.000452393,0.000453305,0.001674738,0.0016746,0.040783807,0.041099488,0.051054726,0.051054755,0.039816426,0.039874518,0.075065373,0.075075292,0.002842364,0,0.094508926,0.091307628
0.157742515,0.048679218,0.993207291,1,0.081223356,0.081166487,0.07704163,0.076964495,0.000454826,0.000455821,0.001677341,0.001677258,0.040786805,0.04110312,0.051058531,0.051058557,0.039850542,0.039908684,0.075065739,0.075076518,0.002842069,0,0.094480027,0.091310034
0.157712098,0.048679812,0.993199521,1,0.081222744,0.081165758,0.07704187,0.076964492,0.000457254,0.000458139,0.001679952,0.001679869,0.040794594,0.041110936,0.051061727,0.051061782,0.039799029,0.039855657,0.075066418,0.075075981,0.002841742,0,0.094449375,0.091310882
0.15768482,0.048679925,0.993200247,1,0.081222905,0.081165919,0.077042941,0.076965368,0.000459853,0.000460765,0.001682581,0.001682526,0.040797426,0.041115037,0.051065553,0.051065579,0.039873325,0.039928072,0.075068361,0.075078253,0.0028415,0,0.094419973,0.091312593
0.157659337,0.048681859,0.993203598,1,0.081223266,0.081166111,0.07704403,0.076966263,0.000462093,0.000463005,0.001685185,0.001685157,0.040805245,0.041122862,0.051069426,0.051069456,0.039778587,0.039833111,0.075067571,0.075077354,0.002841261,0,0.094392354,0.091314338
0.157636487,0.048680952,0.993198432,1,0.081222764,0.081165669,0.077044601,0.07696659,0.000464993,0.000465877,0.001688052,0.001688024,0.040810235,0.041128289,0.051073101,0.051073127,0.03988199,0.039935269,0.075071136,0.075080227,0.002841165,0,0.094360345,0.091315318
0.15761682,0.048683464,0.993197357,1,0.081222822,0.081165566,0.077045353,0.076967122,0.000467535,0.00046806,0.001690703,0.001690593,0.040811976,0.041133626,0.051076771,0.051076796,0.039835537,0.039875858,0.075071805,0.07507797,0.002840887,0,0.094331298,0.091316558
0.15759775,0.048683958,0.993197291,1,0.08122273,0.081165499,0.077046172,0.076967688,0.00046958,0.000470685,0.001693218,0.001693329,0.040820537,0.041142103,0.05108055,0.051080579,0.039797946,0.039850787,0.075069445,0.075081386,0.002840638,0,0.094302901,0.091317848
0.157577657,0.048683196,0.993188715,1,0.081221989,0.081164785,0.077046244,0.076967534,0.000472312,0.000473003,0.001695856,0.001695856,0.040827861,0.041144782,0.051083857,0.051083887,0.039845709,0.039896504,0.075072157,0.075079368,0.002840336,0,0.094271954,0.091318258
0.157561784,0.048684461,0.993192864,1,0.081222533,0.081165193,0.077047289,0.076968452,0.000474497,0.000475492,0.001698407,0.001698518,0.040832793,0.041153747,0.051087846,0.051087871,0.039810674,0.039862435,0.075071152,0.075082343,0.002840074,0,0.094242801,0.091319907
0.157545193,0.048684262,0.993193221,1,0.081222289,0.081165,0.077047801,0.07696871,0.000477176,0.00047795,0.00170111,0.001701138,0.040839798,0.041156581,0.051091476,0.051091506,0.039852449,0.039905286,0.075073937,0.075081536,0.002839789,0,0.094213861,0.091320838
0.157527236,0.048685623,0.993188258,1,0.081221936,0.081164647,0.077048106,0.076968873,0.000479413,0.000480269,0.001703645,0.001703783,0.040843766,0.041165577,0.051095011,0.051095041,0.039800928,0.039848654,0.075072253,0.075082399,0.002839501,0,0.094184515,0.091321605
0.157512266,0.048685309,0.993191491,1,0.081222063,0.081164749,0.077048838,0.076969436,0.000482011,0.00048284,0.0017063,0.001706383,0.040851482,0.041169149,0.051098815,0.051098844,0.039862922,0.039915817,0.075075141,0.075083432,0.002839172,0,0.094155162,0.091322787
0.157494978,0.0486868,0.993183648,1,0.081221598,0.0811642,0.077048926,0.076969365,0.000484246,0.000485019,0.001708829,0.001708968,0.040855549,0.041176916,0.051102254,0.051102279,0.039790087,0.039836902,0.075073179,0.075082236,0.002838874,0,0.094124401,0.091323192
0.15748062,0.048686336,0.993188005,1,0.081221905,0.08116454,0.077049857,0.076970151,0.000486845,0.000487647,0.001711489,0.001711628,0.040863149,0.041182581,0.051106303,0.051106332,0.039871358,0.039921377,0.075076631,0.075085039,0.002838554,0,0.094095328,0.091324535
0.157465343,0.048688168,0.993184129,1,0.081221652,0.081164119,0.077050065,0.076970175,0.000489054,0.0004898,0.001714022,0.001714188,0.040866824,0.041188354,0.051109837,0.051109867,0.039793486,0.03983936,0.075074371,0.075082914,0.002838235,0,0.094065462,0.091325138
0.157450156,0.048687587,0.99318407,1,0.081221421,0.081164023,0.07705059,0.076970531,0.000491595,0.000492424,0.001716646,0.001716839,0.040875204,0.041195604,0.051113617,0.051113647,0.039860096,0.039909339,0.075077183,0.075086249,0.0028379,0,0.094036669,0.091326034
0.157437436,0.048689487,0.993185742,1,0.081221732,0.081164249,0.07705133,0.076971161,0.000493862,0.000494747,0.001719192,0.00171944,0.040879436,0.041198315,0.051117568,0.051117593,0.039820468,0.039873194,0.075075853,0.075084995,0.002837574,0,0.094006688,0.091327133
0.157422682,0.048689715,0.993182204,1,0.081221429,0.081163837,0.077051514,0.076971152,0.000496347,0.000497038,0.001721835,0.001722029,0.040887306,0.041208367,0.051121157,0.051121182,0.039823069,0.039868222,0.075078173,0.075085856,0.002837227,0,0.093976747,0.091327601
0.157407762,0.048689925,0.993182086,1,0.081221108,0.081163651,0.077051921,0.076971398,0.000498805,0.000499524,0.001724401,0.001724622,0.040889801,0.041212379,0.051124894,0.051124923,0.0398582,0.039901391,0.075078037,0.07508572,0.002836888,0,0.093947982,0.091328418
0.15739323,0.048691255,0.993178736,1,0.081220975,0.081163408,0.077052189,0.076971524,0.000500959,0.000501733,0.001726937,0.001727214,0.040898341,0.041220754,0.051128534,0.051128564,0.039793761,0.039839301,0.075077595,0.075086357,0.002836519,0,0.09391694,0.091328884
0.157380017,0.048690847,0.993182295,1,0.081221085,0.081163611,0.07705293,0.076972104,0.000503558,0.000504332,0.001729539,0.001729816,0.040903442,0.041224502,0.05113253,0.05113256,0.039879082,0.039926199,0.07507968,0.07508797,0.002836139,0,0.093888711,0.091330047
0.157364994,0.048692885,0.993173797,1,0.08122055,0.081162816,0.077052709,0.07697174,0.00050568,0.000506427,0.001732064,0.001732368,0.040909732,0.04123159,0.051135867,0.051135897,0.039778853,0.039823844,0.075077683,0.075085619,0.002835778,0,0.093856723,0.091329872
0.157352101,0.048692009,0.993177356,1,0.081220661,0.081163019,0.077053399,0.076972287,0.000508307,0.000509053,0.001734693,0.001734997,0.040916191,0.041236472,0.051139889,0.051139918,0.039882634,0.039927402,0.075080966,0.075089206,0.002835426,0,0.093827331,0.091330926
0.157338471,0.048694838,0.993181518,1,0.081220969,0.081163268,0.077054133,0.076972894,0.000510436,0.00051121,0.001737186,0.001737545,0.040920906,0.041241825,0.051143944,0.051143974,0.039794688,0.039840616,0.075078852,0.075086838,0.002835048,0,0.093798912,0.091332092
0.157323461,0.048693943,0.993174498,1,0.081220213,0.081162487,0.077053888,0.076972507,0.000512946,0.000513637,0.001739767,0.001740126,0.040933205,0.041210214,0.051147395,0.05114742,0.039852681,0.039895737,0.075081358,0.07508915,0.002834607,0,0.093767367,0.091331908
0.15731156,0.048695521,0.99317859,1,0.081220493,0.081162733,0.077054643,0.076973151,0.000515159,0.000516043,0.00174226,0.001742702,0.040933513,0.041249897,0.051151435,0.051151464,0.039830131,0.03987904,0.075079651,0.075088768,0.002834257,0,0.093738552,0.091332989
0.15729765,0.048696086,0.993177945,1,0.081220004,0.081162337,0.077054762,0.076973128,0.000517588,0.000518169,0.001744878,0.00174521,0.040947984,0.041200282,0.051155169,0.051155194,0.039820454,0.039862262,0.07508209,0.075088668,0.002833803,0,0.093709691,0.091333377
0.157284583,0.048696377,0.99317433,1,0.081219664,0.081161964,0.077054904,0.076973161,0.000520156,0.000520764,0.001747496,0.001747827,0.040946427,0.041242085,0.051158933,0.051158958,0.039894898,0.039932755,0.075084155,0.075090007,0.002833432,0,0.093678096,0.091333652
0.157272556,0.048699275,0.993174802,1,0.08121974,0.08116193,0.077055343,0.076973465,0.000522146,0.000522781,0.001749928,0.001750342,0.040954579,0.041214311,0.05116288,0.051162909,0.039775046,0.039810364,0.075080031,0.075088051,0.00283299,0,0.093648858,0.09133431
0.157245475,0.048698303,0.993175363,1,0.081219359,0.081161608,0.077055615,0.076973534,0.000524797,0.000525488,0.001752631,0.001753073,0.040968579,0.041200733,0.051167345,0.05116737,0.039865209,0.039910416,0.075083674,0.075091306,0.002831987,0,0.093617489,0.091334784
0.157233777,0.048700184,0.993173568,1,0.081219041,0.081161232,0.077055693,0.076973571,0.00052684,0.000527531,0.001755111,0.001755553,0.040973555,0.041199021,0.051171096,0.051171122,0.03980525,0.039845708,0.07508112,0.075088491,0.002831533,0,0.093587278,0.091335093
0.157221117,0.048699946,0.993172915,1,0.081218725,0.081160916,0.077055837,0.076973596,0.000529436,0.000530127,0.001757675,0.001758172,0.04098379,0.041184272,0.051175021,0.05117505,0.039853126,0.039896342,0.075083775,0.075091432,0.00283111,0,0.093556115,0.091335326
0.157209486,0.048701646,0.993176679,1,0.081218898,0.081161029,0.07705638,0.07697403,0.000531509,0.000532173,0.001760166,0.001760635,0.040987077,0.041195714,0.051179075,0.051179104,0.03982361,0.039862905,0.075082493,0.0750894,0.002830646,0,0.093526983,0.091336084
0.1571968,0.048702166,0.993172604,1,0.081218418,0.081160499,0.077056347,0.076973913,0.000533993,0.000534739,0.001762725,0.00176325,0.040999663,0.041163363,0.051182923,0.051182953,0.039838218,0.039880523,0.075083795,0.075091815,0.002830215,0,0.09349571,0.091336027
0.157184993,0.048703268,0.993174624,1,0.081218322,0.081160428,0.077056712,0.076974228,0.000536149,0.00053695,0.001765213,0.001765766,0.041001782,0.041188141,0.051186983,0.051186983,0.039856528,0.039903176,0.075083114,0.075091901,0.002829746,0,0.093466381,0.091336626
0.15717372,0.048704879,0.993173376,1,0.081217896,0.081159944,0.077056695,0.076974152,0.000538551,0.000539131,0.001767747,0.001768272,0.041016776,0.041131234,0.051190875,0.051190904,0.039798468,0.039840001,0.075083933,0.075090266,0.002829263,0,0.093435604,0.09133664
0.157162629,0.048704579,0.993172446,1,0.081217552,0.081159659,0.077056891,0.076974264,0.000541009,0.000541534,0.001770313,0.00177081,0.041015502,0.041174061,0.051194884,0.051194884,0.039888885,0.039926105,0.075086098,0.07509206,0.002828787,0,0.09340506,0.091336865
0.157151005,0.04870732,0.993170981,1,0.081217446,0.081159325,0.077057032,0.076974329,0.000542942,0.000543688,0.00177274,0.00177332,0.041028982,0.041122412,0.051198862,0.051198887,0.039788215,0.039824801,0.075082568,0.075090503,0.002828309,0,0.093374797,0.091337026
0.157140792,0.048706965,0.993175961,1,0.08121731,0.081159366,0.077057479,0.076974717,0.000545485,0.000546231,0.001775285,0.001775893,0.041035854,0.041135474,0.051203124,0.051203124,0.039875055,0.039918936,0.075086022,0.075093949,0.002827789,0,0.093345117,0.091337658
0.15712978,0.048709461,0.993177392,1,0.08121703,0.081159112,0.077057647,0.076974834,0.000547501,0.000548275,0.001777741,0.001778349,0.041043316,0.041123451,0.051207137,0.051207137,0.039820287,0.039868423,0.075083402,0.075091835,0.002827314,0,0.093315693,0.091338024
0.157117479,0.048709993,0.993173711,1,0.081216728,0.081158666,0.077057616,0.076974736,0.000550013,0.000550649,0.001780303,0.001780856,0.041055127,0.041086878,0.051211136,0.051211136,0.039826382,0.039866671,0.075085783,0.07509253,0.002826776,0,0.093283831,0.091337812
0.15710679,0.048710645,0.993172859,1,0.081216128,0.081158236,0.077057579,0.076974742,0.00055236,0.00055283,0.001782811,0.001783336,0.041053458,0.041128124,0.051215043,0.051215043,0.039883635,0.039919614,0.075086951,0.075092256,0.002826268,0,0.093253731,0.091337892
0.157095067,0.048713292,0.993171133,1,0.081215856,0.08115777,0.077057569,0.076974622,0.00055443,0.000555259,0.001785346,0.001785982,0.041070616,0.041059645,0.051219143,0.051219143,0.039790845,0.039830774,0.075083491,0.075092607,0.00282587,0,0.093221356,0.091337857
0.157085088,0.048712819,0.993176582,1,0.081215812,0.08115781,0.077057988,0.076975033,0.000556946,0.000557554,0.001787892,0.001788473,0.041074131,0.041093751,0.051223427,0.051223456,0.039872008,0.039915501,0.075086309,0.075092887,0.002825351,0,0.093190525,0.091338308
0.15707447,0.048715504,0.993180213,1,0.081215904,0.081157842,0.077058376,0.07697542,0.000558992,0.000559766,0.001790327,0.001790963,0.041085675,0.041053507,0.051227694,0.051227694,0.039802002,0.039843062,0.075084704,0.075093162,0.002824831,0,0.093161763,0.091338907
0.157063154,0.048715372,0.993181109,1,0.081215493,0.081157458,0.07705839,0.07697546,0.00056145,0.000562141,0.001792837,0.001793473,0.041090066,0.041072795,0.051231699,0.051231699,0.039881285,0.039925634,0.075086932,0.075094362,0.002824271,0,0.093130481,0.091338882
0.157052411,0.048717855,0.993176167,1,0.081214834,0.081156689,0.07705804,0.076975111,0.000563435,0.000564154,0.001795255,0.001795891,0.041095123,0.04103433,0.051235463,0.051235463,0.039792287,0.039834784,0.075084278,0.075092315,0.002823697,0,0.093099173,0.091338401
0.157042559,0.048718024,0.993180338,1,0.081214803,0.081156691,0.077058423,0.076975493,0.000565923,0.000566697,0.001797801,0.001798436,0.041103733,0.041041971,0.051239806,0.051239836,0.039882053,0.039927979,0.075087061,0.075095485,0.00282315,0,0.093068078,0.091338699
0.157031672,0.048720475,0.993180092,1,0.08121427,0.081156184,0.077058344,0.076975415,0.000567911,0.000568629,0.001800198,0.001800806,0.041104444,0.041027207,0.051243745,0.051243745,0.039803904,0.03984875,0.07508472,0.075092479,0.002822559,0,0.093038208,0.091338645
0.157021598,0.048721204,0.993182313,1,0.08121428,0.08115611,0.07705862,0.07697575,0.000570343,0.000571117,0.001802714,0.00180335,0.041085215,0.041003728,0.051248149,0.051248149,0.03986412,0.039908802,0.075087407,0.075095553,0.002821981,0,0.093007059,0.091338722
0.157010444,0.04872256,0.993177982,1,0.081213498,0.081155278,0.077058234,0.076975364,0.000572466,0.000573129,0.001805132,0.00180574,0.041105284,0.041021007,0.051251892,0.051251892,0.039833906,0.039874801,0.075085543,0.075092779,0.002821406,0,0.092975649,0.091338163
0.157001063,0.048724497,0.993183689,1,0.08121363,0.08115541,0.077058711,0.076975842,0.000574679,0.000575536,0.001807598,0.001808234,0.041065356,0.040969938,0.051256462,0.051256492,0.039834285,0.039881151,0.075086562,0.075095736,0.00282081,0,0.092945208,0.09133864
0.156991007,0.048725337,0.993188537,1,0.081213439,0.081155353,0.077058978,0.076976168,0.000577029,0.00057783,0.001810088,0.001810723,0.041109071,0.041004866,0.051260759,0.051260759,0.039889796,0.039939011,0.075087905,0.075096524,0.002820233,0,0.092915602,0.091339044
0.156980188,0.048728867,0.993191435,1,0.081213474,0.081155245,0.077059181,0.076976387,0.000578963,0.000579737,0.001812493,0.001813101,0.041054706,0.040945719,0.05126512,0.05126512,0.03977503,0.039822031,0.075085645,0.075094018,0.002819626,0,0.092885057,0.091339134
0.156968574,0.048728004,0.993185089,1,0.081212389,0.081154279,0.077058606,0.07697588,0.000581389,0.000582218,0.001814908,0.001815543,0.041076821,0.0409627,0.051269041,0.051269041,0.039886465,0.039934047,0.075087601,0.075096506,0.002818965,0,0.092852536,0.091338133
0.156958944,0.048731317,0.993189856,1,0.081212689,0.081154359,0.077059001,0.076976326,0.000581889,0.00058432,0.00181671,0.001818091,0.041058221,0.040910111,0.05127366,0.05127366,0.039581752,0.039667607,0.075067017,0.075094508,0.002818505,0,0.092821335,0.091338652
0.156946781,0.048744265,0.993199266,1,0.081211417,0.08115372,0.07705866,0.076976128,0.000585368,0.000586943,0.001819299,0.001820432,0.041085136,0.040856722,0.051278088,0.051278113,0.039841697,0.039965351,0.075083323,0.075098991,0.002817828,0,0.092787796,0.091337863
0.156935915,0.048873999,0.99319309,1,0.081211022,0.081153131,0.077058233,0.076975997,0.00058694,0.000588626,0.001821639,0.001822662,0.041156184,0.041021475,0.051281361,0.051281361,0.039763234,0.039854974,0.075074084,0.075093539,0.002817207,0,0.092757808,0.091337776
0.156925406,0.048846577,0.993197378,1,0.081211288,0.081153203,0.077059443,0.076976548,0.00058954,0.000589374,0.001824383,0.001824383,0.041027317,0.040851713,0.0512857,0.0512857,0.039554916,0.039613553,0.075082032,0.075078962,0.002816529,0,0.09272634,0.091337917
0.156912301,0.048807643,0.993168312,1,0.08120926,0.081151985,0.077059899,0.076975817,0.000591799,0.000592711,0.001826683,0.001826904,0.04108955,0.04101414,0.051288379,0.051288379,0.039850409,0.039869947,0.075080158,0.075091736,0.002815806,0,0.092694811,0.091337022
0.156902169,0.04881282,0.993168375,1,0.08120946,0.081151764,0.077060594,0.076975871,0.000593651,0.000594314,0.001829144,0.001829282,0.041081953,0.041013758,0.051290796,0.051290796,0.039701362,0.039755909,0.075078971,0.075085051,0.002815172,0,0.092664156,0.091337121
0.156897399,0.048770626,0.993171682,1,0.081209777,0.081152325,0.077061857,0.076977639,0.000596282,0.000596973,0.001831731,0.00183198,0.041062757,0.041013767,0.051294357,0.051294357,0.039858701,0.039891719,0.075083984,0.075092215,0.002814509,0,0.092634048,0.091337999
0.156887308,0.048746396,0.99318302,1,0.081210741,0.081153069,0.077062952,0.076979559,0.00059789,0.000598885,0.001834069,0.001834484,0.041057333,0.040973658,0.051298003,0.051298003,0.039748922,0.039804654,0.075079698,0.075089859,0.002813844,0,0.092604388,0.091338727
0.156868384,0.048730841,0.99317599,1,0.081210072,0.081152434,0.077062568,0.076979615,0.00060051,0.000601146,0.001836624,0.001837039,0.041012438,0.04091423,0.051301689,0.051301689,0.039841618,0.039885304,0.075084381,0.075091701,0.002813158,0,0.092572183,0.091337649
0.156853685,0.048730118,0.993193419,1,0.081210771,0.08115373,0.077063747,0.076981265,0.000602233,0.000603256,0.00183892,0.001839501,0.041041656,0.040913906,0.051306704,0.051306704,0.039814362,0.039866891,0.075081353,0.075092324,0.002812072,0,0.092540989,0.091337544
0.156832301,0.048728818,0.993203028,1,0.081211501,0.0811543,0.077064074,0.076981887,0.000604613,0.000605332,0.001841418,0.001841943,0.040978634,0.040833283,0.051311827,0.051311827,0.039815997,0.039866536,0.075085068,0.075093113,0.00281101,0,0.092508212,0.091335987
0.156802173,0.048729065,0.993202972,1,0.081211274,0.081154132,0.077063796,0.076981785,0.000606602,0.000607541,0.001843708,0.001844316,0.041011222,0.040876401,0.051316434,0.051316434,0.039852623,0.039903744,0.075083308,0.075093748,0.002809872,0,0.092474284,0.091332976
0.156768931,0.048730538,0.993211238,1,0.081211635,0.081154375,0.077064027,0.076982118,0.000608843,0.000609644,0.001846231,0.001846784,0.04094963,0.040821053,0.05132168,0.05132168,0.039810337,0.039862871,0.07508488,0.075093583,0.002808863,0,0.092438824,0.091329733
0.156735843,0.048731654,0.993211181,1,0.081211185,0.081153866,0.077063795,0.076981953,0.000611053,0.00061202,0.00184855,0.001849158,0.040977369,0.040863271,0.051326386,0.051326386,0.039873504,0.039927113,0.075084347,0.075095816,0.002807726,0,0.092404946,0.091326309
0.156705418,0.048735433,0.993208248,1,0.081210535,0.081152896,0.077063394,0.076981544,0.000612984,0.000613896,0.001850917,0.001851414,0.040941203,0.040834375,0.051330812,0.051330842,0.039792468,0.039851217,0.075083603,0.075092524,0.002806606,0,0.092370034,0.091322216
0.156682378,0.048737373,0.99322031,1,0.081210819,0.081153145,0.077064295,0.076982494,0.000615368,0.000616197,0.001853343,0.001853813,0.040925361,0.04082903,0.051336291,0.051336321,0.039873082,0.03992277,0.075086739,0.075096159,0.002805506,0,0.092338009,0.091320184
0.156658958,0.04874077,0.993212749,1,0.081209413,0.081151554,0.077063592,0.076981767,0.000617213,0.000618153,0.001855592,0.001856062,0.040929247,0.040840958,0.051340411,0.051340411,0.039807726,0.039862718,0.075083457,0.075093653,0.002804375,0,0.09230293,0.091315928
0.156641667,0.04874283,0.993219181,1,0.081209089,0.081151256,0.077064153,0.076982302,0.000619566,0.000620423,0.001858008,0.001858423,0.040893729,0.040809449,0.051345503,0.051345503,0.0398645,0.039917915,0.075087049,0.075096494,0.002803261,0,0.092270213,0.091313268
0.156624583,0.048746337,0.993217307,1,0.081208186,0.081150243,0.077064001,0.076982125,0.000621582,0.000622549,0.001860325,0.00186074,0.040920217,0.040847516,0.051349889,0.051349889,0.039843159,0.039898479,0.075084768,0.075095327,0.002802149,0,0.092236252,0.09130982
0.156610063,0.048749471,0.993225824,1,0.081208024,0.081150055,0.077064558,0.076982648,0.000623659,0.000624544,0.001862688,0.001863047,0.04086316,0.040791698,0.05135489,0.05135489,0.039824224,0.039879658,0.075086887,0.075096526,0.002801065,0,0.092203899,0.091307389
0.156593489,0.048751518,0.993229654,1,0.08120733,0.081149547,0.077064681,0.076982779,0.000625899,0.000626839,0.001865014,0.0018654,0.040897964,0.040835925,0.051359515,0.05135954,0.039873395,0.039928497,0.075086871,0.075097227,0.002799966,0,0.092171396,0.09130467
0.156576551,0.048754701,0.993223361,1,0.081206241,0.081148323,0.07706406,0.0769821,0.000627857,0.000628768,0.001867321,0.001867708,0.040854831,0.040793734,0.051363645,0.051363645,0.039808635,0.039864951,0.075086045,0.075095988,0.002798868,0,0.092136739,0.091300521
0.156559917,0.048756071,0.993226391,1,0.081205651,0.081147758,0.077064049,0.076982063,0.000630178,0.000631118,0.001869672,0.001870031,0.040871449,0.040817207,0.051368142,0.051368167,0.039890081,0.039946177,0.07508755,0.075098243,0.002797793,0,0.092104351,0.09129774
0.156543671,0.048760315,0.993231635,1,0.081205316,0.081147365,0.077064083,0.076982122,0.000632059,0.000632999,0.00187197,0.001872329,0.040853346,0.040803523,0.051372612,0.051372612,0.039804439,0.039862273,0.075086035,0.075096003,0.00279675,0,0.092071299,0.091294877
0.156526212,0.048761138,0.993228497,1,0.081204137,0.08114638,0.077063614,0.076981628,0.000634377,0.000635317,0.00187431,0.00187467,0.040836825,0.040790815,0.051376821,0.051376851,0.039886075,0.039942142,0.07508798,0.075098698,0.002795632,0,0.092037956,0.09129139
0.156509362,0.048764843,0.993231671,1,0.081203595,0.081145703,0.077063463,0.076981452,0.000636256,0.000637251,0.001876575,0.001876934,0.04085084,0.040807899,0.051380997,0.051380997,0.039817523,0.039876575,0.075085839,0.075096034,0.00279458,0,0.092005026,0.091288296
0.156493456,0.048766042,0.993229133,1,0.081202563,0.08114473,0.077063062,0.076981051,0.000638602,0.000639459,0.001878972,0.001879276,0.040817223,0.040774805,0.051385167,0.051385167,0.039878937,0.039933043,0.075088532,0.075098263,0.002793492,0,0.091970879,0.091284612
0.156479009,0.048769514,0.993234373,1,0.081202413,0.081144352,0.077063227,0.076981182,0.000640539,0.000641644,0.001881244,0.001881603,0.040855102,0.04081158,0.051389449,0.051389449,0.039849556,0.039910265,0.075086093,0.075097815,0.002792478,0,0.091939232,0.091282166
0.156465743,0.048772015,0.993240821,1,0.081202016,0.081144039,0.077063504,0.076981425,0.000642725,0.000643554,0.001883629,0.001883905,0.040801334,0.040761876,0.051393951,0.051393951,0.039838091,0.039894074,0.075088816,0.075097797,0.002791468,0,0.09190654,0.091279544
0.156837031,0.048773286,0.993233798,1,0.081200666,0.081142613,0.077062697,0.076980594,0.000644846,0.000645897,0.001885878,0.001886264,0.040842248,0.040799363,0.051397577,0.051397577,0.039887772,0.039945968,0.075087032,0.075099884,0.002790392,0,0.091872972,0.091275623
0.157415765,0.048777086,0.993241029,1,0.081200676,0.08114259,0.077063247,0.076981092,0.000646814,0.000647864,0.001888242,0.001888518,0.040820591,0.04078298,0.051402005,0.051402035,0.039832063,0.039898878,0.075087903,0.075097601,0.002789393,0,0.091840704,0.091273338
0.157365938,0.048777983,0.993220869,1,0.081198787,0.081141367,0.077062207,0.076980028,0.0006491,0.000649818,0.001890513,0.001890762,0.040802788,0.040763853,0.051405524,0.051405524,0.039871443,0.039921015,0.075089011,0.075097967,0.002788283,0,0.091803761,0.091268565
0.157224562,0.048780606,0.993221727,1,0.081200065,0.081144197,0.077062259,0.076980021,0.000650842,0.000651975,0.001892674,0.001892978,0.040827441,0.040784635,0.051409538,0.051409538,0.039848675,0.039908059,0.075086241,0.075097988,0.002787241,0,0.091772189,0.091266339
0.157092955,0.04878203,0.993219072,1,0.081204014,0.081148913,0.077061538,0.076979216,0.000652994,0.000653795,0.001894928,0.001895149,0.040787881,0.040750524,0.051413153,0.051413153,0.039853972,0.039909043,0.075088298,0.07509722,0.002786228,0,0.091740061,0.0912634
0.157149758,0.048783728,0.993223538,1,0.081207413,0.081152481,0.077061134,0.076978761,0.000654899,0.000656004,0.001897052,0.001897383,0.04082361,0.04078274,0.051416782,0.051416811,0.039886966,0.039946822,0.075086381,0.075099645,0.002785255,0,0.091710281,0.091261163
0.157922855,0.048787147,0.993234711,1,0.08120994,0.081154536,0.077061208,0.07697886,0.000656836,0.000657803,0.001899297,0.001899518,0.040799782,0.040765186,0.051420738,0.051420763,0.039838872,0.039903477,0.075087603,0.075096609,0.002784326,0,0.091682009,0.09125936
0.157851964,0.048788375,0.993224894,1,0.081210122,0.081154145,0.077060777,0.076978489,0.000659098,0.000659872,0.001901582,0.001901803,0.04079251,0.040754571,0.051424357,0.051424357,0.039898727,0.039948767,0.075089289,0.07509865,0.002783401,0,0.091648847,0.091255799
0.157666249,0.048791445,0.99322037,1,0.081210171,0.081155383,0.077060992,0.07697889,0.000660867,0.000661945,0.001903849,0.001904153,0.04080671,0.040768134,0.051428478,0.051428503,0.039863986,0.039924973,0.0750864,0.075098586,0.0027818,0,0.091616014,0.091253114
0.157510184,0.048797967,0.993225766,1,0.081215372,0.081161013,0.07706239,0.076980345,0.000663112,0.000663941,0.001906134,0.001906355,0.04078469,0.040749512,0.051432733,0.051432758,0.039879209,0.039936047,0.075090324,0.075099415,0.002780889,0,0.091586586,0.09125173
0.157408367,0.048799728,0.993228487,1,0.081219009,0.081164734,0.077063621,0.076981711,0.000664885,0.000666101,0.001908302,0.001908634,0.040820635,0.040782337,0.051436527,0.051436556,0.03991697,0.039975469,0.075089603,0.075102564,0.002780023,0,0.091559368,0.091250509
0.158374159,0.04880387,0.993241146,1,0.081222097,0.081167189,0.077065489,0.076983502,0.000666967,0.000667851,0.001910594,0.001910815,0.040786564,0.040755307,0.051440819,0.051440844,0.039863237,0.039930251,0.075091141,0.075101041,0.002779204,0,0.091532532,0.091249786
0.158321993,0.048805622,0.993229649,1,0.081222603,0.081167138,0.077066365,0.076984428,0.000669097,0.000670037,0.00191284,0.001913089,0.040799171,0.040762554,0.051444598,0.051444598,0.039918726,0.039972142,0.075093417,0.075103621,0.002778276,0,0.091500689,0.091246901
0.158121158,0.048809141,0.993230662,1,0.081223009,0.081168707,0.077067642,0.076985763,0.000670873,0.000671895,0.001914987,0.001915263,0.040799706,0.040764775,0.051448471,0.051448471,0.039887283,0.039949238,0.075092304,0.075103714,0.002777391,0,0.091471932,0.091245584
0.157938383,0.048811271,0.993226804,1,0.081228233,0.081174623,0.077068498,0.076986671,0.000673057,0.000673969,0.001917228,0.001917422,0.040793312,0.040759376,0.051451963,0.051451988,0.039923306,0.039980952,0.075095367,0.075105394,0.002776512,0,0.091442312,0.09124354
0.157785305,0.048814922,0.993234553,1,0.081233334,0.081179748,0.077070262,0.076988434,0.000674833,0.000675911,0.00191935,0.001919599,0.040814945,0.040780237,0.051455725,0.051455754,0.03992622,0.039987155,0.075094865,0.075106807,0.002775687,0,0.091416215,0.091242977
0.158758712,0.048818351,0.993241789,1,0.081236643,0.081182475,0.077071661,0.076989781,0.000676938,0.00067785,0.001921575,0.001921769,0.040777193,0.040745302,0.051459476,0.051459506,0.039896423,0.039957439,0.07509694,0.075107111,0.002774851,0,0.091389341,0.091241739
0.158698926,0.048820657,0.993237274,1,0.081238006,0.081183121,0.077072985,0.076991096,0.000678907,0.00068004,0.001923749,0.001923997,0.040819741,0.040786083,0.051463106,0.051463106,0.039963116,0.040023775,0.075098331,0.075110568,0.002773992,0,0.091360067,0.091239847
0.158477923,0.048824823,0.993233665,1,0.081238024,0.081184159,0.077073977,0.076992121,0.000680845,0.000681784,0.001925886,0.001926107,0.040786784,0.040757077,0.051466458,0.051466483,0.039900583,0.039966436,0.075098537,0.075109205,0.002773149,0,0.091330482,0.091237932
0.158279202,0.048826923,0.993231456,1,0.081243731,0.081190482,0.077075454,0.076993733,0.00068295,0.000683972,0.001928084,0.001928305,0.040810104,0.040777411,0.051469957,0.051469957,0.039970985,0.040028662,0.075101577,0.07511249,0.002772313,0,0.091302462,0.091236528
0.158104671,0.04883135,0.993238391,1,0.081248831,0.081195462,0.077077543,0.076995821,0.000684699,0.000685805,0.001930179,0.001930428,0.040801446,0.040770827,0.051473479,0.051473505,0.039927748,0.039994268,0.075100876,0.075113096,0.002771517,0,0.091277498,0.09123608
0.159065609,0.048834487,0.993250644,1,0.081252527,0.081198525,0.077079823,0.076998024,0.000687085,0.000688025,0.001932583,0.001932749,0.040799719,0.040769817,0.05147737,0.051477399,0.03997285,0.040031052,0.075105237,0.075115568,0.00277092,0,0.091250524,0.09123574
0.159058146,0.048838246,0.993242761,1,0.081253268,0.081198742,0.077081339,0.07699953,0.00068886,0.000690048,0.001934672,0.001934921,0.040813273,0.040781823,0.051480628,0.051480654,0.039951966,0.040018181,0.075104239,0.075117202,0.002770087,0,0.091221975,0.091233917
0.158848779,0.048841715,0.993237839,1,0.081253785,0.081200279,0.077082997,0.077001162,0.00069105,0.000691934,0.001936901,0.001937039,0.040795253,0.040768003,0.051483983,0.051484012,0.039964249,0.040026294,0.075108038,0.075118049,0.002769284,0,0.091193041,0.091232394
0.158647986,0.048845054,0.993240185,1,0.081259867,0.081206944,0.077085056,0.077003305,0.000692882,0.000694071,0.001938998,0.001939219,0.04082035,0.040789591,0.05148727,0.051487299,0.039986991,0.040050803,0.075108327,0.075121678,0.002768461,0,0.091165999,0.091231718
0.158468099,0.048849435,0.993247375,1,0.081265468,0.081212459,0.077087468,0.07700574,0.000694882,0.000696015,0.001941154,0.001941347,0.040811104,0.040785704,0.051490694,0.051490694,0.039983481,0.040056664,0.075111131,0.075123066,0.002767699,0,0.091140647,0.091231466
0.159350281,0.048853293,0.993258962,1,0.081269127,0.081215595,0.077089724,0.077007936,0.000697047,0.000697848,0.00194339,0.001943445,0.040805986,0.040779536,0.051493978,0.051494003,0.039980895,0.040038185,0.075114577,0.07512345,0.002766989,0,0.091116936,0.091231305
0.159432858,0.048856577,0.993248915,1,0.08127032,0.081216264,0.077091402,0.077009572,0.000698877,0.000700093,0.00194548,0.001945673,0.040826856,0.040795185,0.051497038,0.051497038,0.040006291,0.040066985,0.075114062,0.075127599,0.002766184,0,0.091088924,0.091229711
0.159234412,0.048860515,0.993245681,1,0.081270944,0.081217824,0.077093034,0.077011228,0.000700846,0.000701924,0.001947571,0.001947737,0.040807781,0.040783431,0.051500004,0.051500004,0.039982427,0.040054642,0.075116358,0.075127668,0.002765381,0,0.091060448,0.091228243
0.159023965,0.048864084,0.993256354,1,0.08127825,0.081224994,0.077095852,0.077014146,0.000703097,0.000704009,0.001949873,0.001949956,0.040815876,0.040789455,0.051503457,0.051503482,0.040020935,0.04007942,0.075120658,0.075130889,0.002765044,0,0.091040663,0.091228578
0.158831408,0.048868376,0.99326431,1,0.081285355,0.081231103,0.077098652,0.077016928,0.000705371,0.000706283,0.001952271,0.001952354,0.040844293,0.040815573,0.051506559,0.051506559,0.04004459,0.040101937,0.075122779,0.075132866,0.002765572,0,0.091029158,0.091227913
0.159587401,0.048873542,0.993275181,1,0.081290676,0.081235116,0.077101438,0.077019629,0.000707423,0.000708584,0.001954693,0.001954859,0.040799938,0.040770834,0.051509784,0.051509813,0.039962305,0.040024659,0.075121819,0.075134531,0.002766619,0,0.09102193,0.091226685
0.159801587,0.048875343,0.99326877,1,0.081292728,0.081236207,0.07710344,0.077021572,0.000710159,0.00071121,0.001957319,0.001957429,0.040832943,0.040808427,0.05151258,0.051512609,0.040064268,0.040131569,0.0751263,0.075137721,0.002767946,0,0.091013651,0.091223956
0.159635888,0.048880215,0.993265646,1,0.081294111,0.081238112,0.077105586,0.077023684,0.000712428,0.000713478,0.001959868,0.001959978,0.040828837,0.040803356,0.051515339,0.051515339,0.04000118,0.040064449,0.075126036,0.075137752,0.002769419,0,0.091006848,0.091221581
0.159435446,0.048876522,0.993264681,1,0.081300097,0.081244739,0.077108219,0.077026266,0.000715222,0.000716327,0.001962637,0.001962776,0.040828738,0.040803835,0.051518339,0.051518339,0.040068519,0.040135268,0.075130241,0.075142176,0.002771141,0,0.091000244,0.091219204
0.159259889,0.04888169,0.993262792,1,0.08130615,0.081250767,0.077110814,0.077028667,0.000717709,0.000718621,0.001965263,0.001965318,0.040850489,0.040826277,0.051520799,0.051520799,0.040049171,0.040110143,0.075131562,0.075141845,0.0027728,0,0.090995982,0.091216823
0.159863401,0.048884983,0.993265232,1,0.081310385,0.081254504,0.0771132,0.077030808,0.000720113,0.000721273,0.001967886,0.001967996,0.040822426,0.040795919,0.051523366,0.051523396,0.040045789,0.040110936,0.075132796,0.075145482,0.002774481,0,0.090992745,0.091214412
0.160310805,0.048889165,0.993264514,1,0.081312959,0.081256681,0.077115966,0.077033355,0.000722826,0.000723931,0.001970579,0.001970662,0.040860777,0.040837749,0.051526161,0.051526187,0.040103843,0.040171504,0.075136848,0.075148927,0.002776157,0,0.090988489,0.091212427
0.160204123,0.048894667,0.993258954,1,0.081314748,0.081259136,0.07711843,0.077035709,0.000725427,0.000726228,0.001973268,0.00197324,0.040860524,0.040837665,0.051528742,0.051528742,0.040080066,0.040139684,0.075139886,0.075148507,0.002777827,0,0.090982742,0.091209861
0.160010609,0.048898352,0.993250401,1,0.081319592,0.081264976,0.077120603,0.077037823,0.000727664,0.000728825,0.001975778,0.001975861,0.040837807,0.040809116,0.051531066,0.051531066,0.040055361,0.040113874,0.0751388,0.075151984,0.002779478,0,0.090977279,0.091207045
0.159836585,0.04890149,0.993252203,1,0.081326727,0.08127244,0.077123356,0.0770405,0.000730292,0.000731425,0.001978355,0.001978465,0.040856369,0.040834286,0.051533576,0.051533576,0.040112532,0.04018282,0.075142989,0.075155397,0.002781173,0,0.090972947,0.09120484
0.160156517,0.048906413,0.993255505,1,0.081332054,0.081277573,0.077125896,0.077042897,0.000732669,0.000733913,0.001980926,0.001981037,0.040874884,0.040853687,0.051535709,0.051535734,0.040103105,0.04017519,0.075143724,0.075157236,0.00278286,0,0.090970824,0.09120302
0.16089696,0.048910526,0.9932563,1,0.081335635,0.081280487,0.077128388,0.077045355,0.000735241,0.000736153,0.001983529,0.001983529,0.040839348,0.040820053,0.051538086,0.051538115,0.040064775,0.040131247,0.075146878,0.075157042,0.002784552,0,0.090966733,0.091200625
0.160833197,0.048913841,0.993248907,1,0.081337943,0.081283074,0.077131061,0.077048002,0.000737871,0.000738894,0.001986138,0.001986166,0.04087675,0.040852925,0.051540534,0.051540534,0.040148359,0.040209969,0.075150754,0.075161888,0.002786226,0,0.090960112,0.091197793
0.160622434,0.04891917,0.993244165,1,0.081342473,0.081288658,0.077133724,0.07705069,0.000740416,0.000741218,0.001988769,0.001988686,0.040883908,0.040860442,0.051542606,0.051542606,0.040129258,0.040184815,0.075153825,0.075162344,0.002787892,0,0.090954807,0.091195433
0.160431024,0.048923413,0.993241643,1,0.081350201,0.081297026,0.077136712,0.077053661,0.000742851,0.000743791,0.001991264,0.001991264,0.040881681,0.040853934,0.051544758,0.051544758,0.040150524,0.040202239,0.075156013,0.07516643,0.002789561,0,0.090951301,0.091193479
0.160459372,0.048928356,0.993247259,1,0.081356998,0.081303713,0.077140162,0.077057051,0.000745013,0.000746339,0.001993712,0.001993823,0.040876747,0.040851484,0.051547064,0.051547093,0.040111586,0.040180244,0.075155685,0.075170059,0.002791241,0,0.090949738,0.091192416
0.161466593,0.048931989,0.993254316,1,0.081361624,0.081307731,0.077143302,0.07706014,0.000747918,0.000749051,0.001996484,0.001996567,0.04088828,0.040870427,0.051549409,0.051549409,0.040171791,0.040243932,0.075160943,0.075173469,0.002793105,0,0.090947462,0.091190562
0.161444662,0.048937985,0.993250896,1,0.081364858,0.081310872,0.077147097,0.077063985,0.00075028,0.000751441,0.001999061,0.001999089,0.040899421,0.040880791,0.051552025,0.05155205,0.040126833,0.040197732,0.075162739,0.075174903,0.002794783,0,0.090941959,0.091188902
0.161217392,0.048941417,0.99324157,1,0.081368625,0.081315887,0.077149895,0.077066866,0.00075288,0.000753875,0.002001608,0.002001608,0.040874399,0.040855023,0.051553973,0.051553998,0.0401658,0.040229735,0.075167304,0.075178641,0.002796419,0,0.090936456,0.09118636
0.161008497,0.048945912,0.993240248,1,0.081377234,0.081325103,0.077153342,0.077070363,0.000755372,0.000756367,0.002004107,0.002004107,0.040917348,0.040890536,0.051555851,0.051555881,0.040198488,0.040261398,0.075170706,0.075181098,0.002798094,0,0.090932933,0.091184661
0.160841846,0.04895148,0.993241411,1,0.081384766,0.081332466,0.077157021,0.077073991,0.000757838,0.000758695,0.002006638,0.002006583,0.040907983,0.04088673,0.05155782,0.05155782,0.040182736,0.040237494,0.075174099,0.075183834,0.002799746,0,0.090930702,0.091183174
0.161957753,0.048956501,0.993257105,1,0.08139053,0.081337681,0.077161155,0.077078031,0.000760309,0.000761332,0.002009155,0.002009182,0.04092046,0.040896136,0.051560197,0.051560197,0.040201145,0.040260463,0.075176349,0.075188648,0.002801473,0,0.090931628,0.091183327
0.161959767,0.048961505,0.993244619,1,0.0813933,0.081340138,0.077164699,0.077081558,0.000762639,0.00076391,0.002011691,0.002011746,0.040910543,0.040890031,0.0515623,0.051562325,0.040183531,0.040256592,0.07517908,0.075192535,0.002803132,0,0.090925089,0.091180722
0.161725603,0.048965607,0.993240849,1,0.081396983,0.081345045,0.077168161,0.077085094,0.000765244,0.000766349,0.002014196,0.002014224,0.040927921,0.040898788,0.051564181,0.05156421,0.040229876,0.040300558,0.075183824,0.075196039,0.002804732,0,0.090920706,0.091178965
0.161503611,0.048971184,0.993237902,1,0.081405766,0.081354434,0.077171795,0.077088897,0.000767709,0.000768649,0.002016697,0.002016642,0.040928471,0.040901435,0.051565937,0.051565937,0.04021331,0.040276751,0.075187225,0.075197255,0.002806381,0,0.090917801,0.091177445
0.161310882,0.048976039,0.993239649,1,0.081413854,0.081362362,0.077176082,0.077093158,0.000770177,0.000771173,0.002019207,0.002019152,0.040929812,0.040906537,0.051567889,0.051567919,0.040234407,0.040293175,0.075190959,0.075202128,0.002808071,0,0.090915383,0.091176329
0.162295185,0.048981163,0.993251179,1,0.081419599,0.081367524,0.077180235,0.077097217,0.000772647,0.000773697,0.002021691,0.002021663,0.040932132,0.04090709,0.051569838,0.051569838,0.040251398,0.040313317,0.075194752,0.075206031,0.002809762,0,0.090915956,0.091175994
0.162312285,0.04898704,0.993243305,1,0.081423032,0.081370627,0.077184508,0.077101463,0.000775064,0.000776225,0.002024185,0.002024212,0.040934753,0.040908795,0.051572025,0.051572054,0.040238194,0.040304565,0.075197085,0.075210439,0.002811412,0,0.090911423,0.091174477
0.162093696,0.048991657,0.993236852,1,0.081426501,0.081375032,0.077188001,0.07710504,0.000777474,0.000778691,0.002026658,0.002026658,0.040940146,0.040909962,0.051573591,0.051573591,0.040243946,0.040318002,0.075201182,0.075213785,0.002813033,0,0.090907157,0.091172473
0.16187862,0.048996451,0.993234685,1,0.08143497,0.081384024,0.077192188,0.077109319,0.000780026,0.000781159,0.00202914,0.002029112,0.040940292,0.040911874,0.051575372,0.051575372,0.040277061,0.040346613,0.075205482,0.075217647,0.002814695,0,0.090903977,0.091171203
0.161685892,0.049002471,0.99324233,1,0.081443095,0.081392004,0.077197068,0.07711424,0.000782527,0.000783633,0.002031636,0.00203158,0.040941638,0.040914022,0.051577425,0.051577425,0.04027848,0.040346372,0.075209829,0.075221851,0.002816375,0,0.090903003,0.091170985
0.162385552,0.049008054,0.993251751,1,0.081448886,0.081397222,0.077201636,0.077118755,0.000785027,0.000786132,0.002034125,0.002034069,0.040943403,0.040915842,0.051579315,0.051579315,0.040286095,0.040353495,0.075214065,0.075225649,0.002818045,0,0.090902905,0.09117067
0.16238092,0.049013587,0.993245501,1,0.081452557,0.081400343,0.077206049,0.077123142,0.000787389,0.000788467,0.002036562,0.002036535,0.040945603,0.040919508,0.05158127,0.05158127,0.040252732,0.040317618,0.075216422,0.075228782,0.002819694,0,0.090898408,0.091169029
0.162199066,0.0490173,0.993242605,1,0.081455965,0.081404324,0.077209991,0.077127109,0.000789967,0.000791101,0.002039069,0.002039014,0.04094974,0.040921236,0.051582822,0.051582848,0.040310411,0.040380355,0.075221654,0.075233896,0.002821351,0,0.090895423,0.091167599
0.162019889,0.049023139,0.993245054,1,0.081463383,0.081412011,0.077214763,0.077131939,0.000792496,0.00079363,0.002041592,0.002041537,0.04094994,0.040921879,0.051584723,0.051584752,0.04031837,0.040387624,0.075225945,0.075238389,0.00282303,0,0.090892996,0.091166805
0.16185695,0.04902897,0.993244701,1,0.081469778,0.081418245,0.077219359,0.077136559,0.000794967,0.000796128,0.002044078,0.002043995,0.040951276,0.040923295,0.051586354,0.051586383,0.040319201,0.040388202,0.075230187,0.075242438,0.002824668,0,0.090890884,0.091165658
0.162353879,0.049034943,0.993255386,1,0.081474966,0.081422993,0.07722429,0.077141404,0.000797524,0.000798657,0.0020466,0.002046517,0.040952961,0.040925203,0.051588278,0.051588278,0.040325216,0.040393615,0.075234646,0.075246837,0.002826375,0,0.090891312,0.091165737
0.162237648,0.049040483,0.993250561,1,0.081478226,0.081425974,0.077228727,0.077145814,0.000800051,0.000801185,0.002049119,0.002049036,0.040954816,0.040926918,0.051590043,0.051590068,0.040330103,0.040399246,0.075238724,0.075251186,0.00282802,0,0.090887355,0.09116424
0.162072952,0.049045631,0.993250555,1,0.081482177,0.081430119,0.07723286,0.077149912,0.000802604,0.000803709,0.002051602,0.002051519,0.040956447,0.040928523,0.051591594,0.051591594,0.040338114,0.040407013,0.075242877,0.075255187,0.002829682,0,0.090884608,0.091162853
0.161936088,0.049050969,0.993251476,1,0.081488041,0.081436033,0.077237333,0.077154418,0.00080513,0.000806264,0.002054118,0.002054007,0.04095814,0.040930216,0.051593208,0.051593238,0.040343115,0.040412234,0.075246919,0.075259415,0.002831379,0,0.090881673,0.091161686
0.161817962,0.049056269,0.993257307,1,0.08149306,0.08144084,0.077242123,0.077159206,0.000807659,0.000808821,0.002056612,0.002056501,0.040960267,0.04093201,0.051594955,0.051594955,0.040348662,0.040418833,0.075251178,0.075263843,0.002833057,0,0.090880321,0.091161115
0.162298317,0.049061356,0.993260947,1,0.08149675,0.081444057,0.077246594,0.077163568,0.000810378,0.000811511,0.00205926,0.00205915,0.040962002,0.040933385,0.051596116,0.051596141,0.040354343,0.040424932,0.07525535,0.075267931,0.002834663,0,0.090878526,0.091159846
0.162286918,0.049066424,0.993254379,1,0.081499176,0.081446397,0.077250846,0.077167759,0.000812932,0.000814093,0.002061776,0.002061665,0.040963647,0.04093514,0.051597647,0.051597647,0.040362309,0.04043276,0.075259466,0.075272182,0.002836303,0,0.09087435,0.091158137
0.16214949,0.049071298,0.993250806,1,0.081502781,0.081450467,0.077254792,0.077171713,0.000815483,0.000816644,0.002064283,0.002064173,0.040965465,0.040936653,0.051598955,0.051598955,0.040366416,0.04043753,0.075263225,0.075275975,0.002837989,0,0.090869967,0.091156137
0.162024315,0.049076062,0.993251138,1,0.081508395,0.081456384,0.077258925,0.077175786,0.00081798,0.000819142,0.002066739,0.002066601,0.040967208,0.040938426,0.051600262,0.051600262,0.040372304,0.040443305,0.075267311,0.075279943,0.002839623,0,0.090866503,0.091154666
0.161913504,0.049080824,0.99325081,1,0.081513212,0.081461149,0.077262904,0.077179705,0.000820531,0.000821693,0.002069245,0.002069107,0.040968774,0.040939907,0.05160148,0.051601505,0.040378565,0.04044968,0.075271053,0.075283685,0.002841307,0,0.090863991,0.091153178
0.1623008,0.049085743,0.993258486,1,0.081517329,0.081464962,0.07726705,0.077183741,0.000823086,0.000824247,0.002071733,0.002071594,0.040970382,0.04094168,0.051602891,0.051602917,0.04038622,0.040457222,0.075275199,0.075288,0.002842974,0,0.090862811,0.091152533
0.1624159,0.04909042,0.993253775,1,0.081519801,0.081467383,0.077270678,0.077187317,0.000825636,0.000826797,0.002074238,0.002074072,0.040971978,0.040943031,0.051604074,0.051604104,0.040393342,0.040464847,0.075278955,0.075291781,0.002844628,0,0.090858868,0.091150517
0.162289101,0.049094979,0.993246511,1,0.081523038,0.081471033,0.077274253,0.077190883,0.000828157,0.000829153,0.002076711,0.00207649,0.040973364,0.040945881,0.051605108,0.051605108,0.040379988,0.040447426,0.075282534,0.075293572,0.002846277,0,0.090853919,0.091148228
0.162160009,0.04909879,0.993244223,1,0.081528383,0.081476791,0.077278151,0.077194755,0.000830681,0.000831787,0.002079163,0.002078969,0.040974834,0.04094854,0.051606233,0.051606259,0.040405674,0.040470708,0.075286524,0.075298557,0.002847906,0,0.090850605,0.091146553
0.162048637,0.049103533,0.99325241,1,0.081534152,0.08148261,0.077282741,0.077199369,0.000833211,0.000834317,0.00208166,0.002081466,0.040976644,0.04094927,0.051607839,0.051607839,0.04041461,0.040482105,0.075290777,0.075303055,0.002849614,0,0.09084915,0.091146344
0.162275467,0.049108104,0.993254782,1,0.081538232,0.08148642,0.077286641,0.077203217,0.000835707,0.000836869,0.002084139,0.002083945,0.04097852,0.040950622,0.05160895,0.051608979,0.04041294,0.04048182,0.075294338,0.075306861,0.002851271,0,0.090847007,0.09114487
0.162591108,0.049112778,0.99325699,1,0.081541444,0.081489462,0.077290742,0.077207318,0.000838262,0.000839396,0.002086627,0.002086461,0.040980515,0.040952258,0.051610336,0.051610336,0.040420624,0.040490416,0.075298541,0.075311072,0.002852911,0,0.090844534,0.09114381
0.162484104,0.04911735,0.993252723,1,0.081544637,0.081493043,0.077294737,0.077211312,0.000840733,0.000841894,0.002089113,0.002088919,0.040982335,0.0409538,0.051611621,0.051611647,0.040423294,0.040493834,0.075302351,0.075315043,0.002854549,0,0.090840126,0.091142089
0.162347561,0.049121595,0.99324942,1,0.081549881,0.081498716,0.077298692,0.077215291,0.000843174,0.000844391,0.002091538,0.002091372,0.040984155,0.040955509,0.051612763,0.051612793,0.040423172,0.040494349,0.075305241,0.07531887,0.002856207,0,0.090836351,0.091140308
0.162227197,0.049125716,0.993247472,1,0.08155577,0.081504723,0.077302891,0.07721949,0.000845781,0.00084708,0.002094127,0.002093961,0.04098854,0.040957017,0.051614032,0.051614032,0.040416962,0.040494886,0.075309002,0.075322859,0.002858001,0,0.090833112,0.091138566
0.162276931,0.049129687,0.993258428,1,0.081560983,0.081509775,0.077307457,0.077224021,0.000848367,0.000849584,0.002096625,0.002096431,0.040989548,0.040958855,0.051615556,0.051615582,0.040444703,0.040520553,0.075313947,0.075327331,0.002859682,0,0.090831801,0.091138247
0.162802354,0.049134054,0.993259114,1,0.081564383,0.081512837,0.077311176,0.077227747,0.000850863,0.00085208,0.002099103,0.002098882,0.040990644,0.040960499,0.051616628,0.051616653,0.04044579,0.040520122,0.075317792,0.075330923,0.002861338,0,0.090829827,0.091136867
