p_26001,cntrlv_42,mflowj_24001,mflowj_34001,mflowj_44001,tempf_12101,tempf_13801
0.989510303,0.982661979,1.164417304,1.064918473,1.067880093,0.811416377,0.858169294
1.004042239,1.00249876,1.156369576,1.067662022,1.073672328,0.810447537,0.861056313
1.006866211,0.999271781,1.153395137,1.073990604,1.062719893,0.802295601,0.868479659
0.999328036,1.001087483,1.163015449,1.078174102,1.07029298,0.807719386,0.858381986
0.996201203,0.996743339,1.15715621,1.067911216,1.080610789,0.810133662,0.861877854
0.999353554,0.998994147,1.148807699,1.066647203,1.072036171,0.806602845,0.858273121
1.003619347,1.002126952,1.164339367,1.077150834,1.074656928,0.817869711,0.864163281
0.993511977,0.992540404,1.162998711,1.070480285,1.064098783,0.800900233,0.859705406
0.994892036,0.996765856,1.157292766,1.065178274,1.064727086,0.800908295,0.868546574
0.994386833,1.002233339,1.166186881,1.073669635,1.072640693,0.804193292,0.86500638
0.999531593,1.000438315,1.146052008,1.075936114,1.070578412,0.809756037,0.860397559
1.000382966,0.994313955,1.159154863,1.077322227,1.063222439,0.80996616,0.861543394
0.998316831,1.000364379,1.152908346,1.071570339,1.073045741,0.813959518,0.865110512
0.997819819,1.001240016,1.152111357,1.061583073,1.071222183,0.822701899,0.859592304
1.00269121,0.987392157,1.162216822,1.071576851,1.074083172,0.806100611,0.858276536
0.999973865,1.001565707,1.170948573,1.07533936,1.079704352,0.80594135,0.858565404
0.993037696,0.997848886,1.162129785,1.069893092,1.063238907,0.802170781,0.850737899
0.999561067,1.002335013,1.163786794,1.070866163,1.070377701,0.810247927,0.866738288
0.995258322,1.008661017,1.156905507,1.065929239,1.065590184,0.797729847,0.872427062
0.998021946,1.00396798,1.163169715,1.073707672,1.059505192,0.818403264,0.868671669
0.997383962,1.001486878,1.155665293,1.071106718,1.063618619,0.805934405,0.864448752
1.003946726,0.990363591,1.152478628,1.063642776,1.069210625,0.805047464,0.853425313
0.99097864,1.003595218,1.162295642,1.072026075,1.072391715,0.811086093,0.864435814
0.998542795,1.008839644,1.155366306,1.071471026,1.076428083,0.808451031,0.858575605
1.004823986,0.993396243,1.15828,1.068060478,1.081380047,0.816890574,0.861966605
0.999775201,1.002272513,1.156601335,1.053567418,1.065423999,0.80517491,0.861338121
0.996065465,1.001397501,1.163015908,1.070896709,1.075115327,0.804778656,0.861594255
0.994487133,1.002978899,1.159782307,1.067606931,1.07393399,0.806001792,0.870056191
1.011555712,0.9997972,1.154291659,1.062745591,1.063560622,0.816440031,0.851715558
0.997287465,0.997046283,1.155459692,1.075422159,1.064303578,0.806454389,0.859465219
1.010852883,1.007746476,1.168164406,1.059017955,1.074316983,0.806427622,0.85683241
0.998146252,0.996101593,1.163267314,1.063904279,1.070223306,0.805677992,0.859580642
1.006674274,1.003531531,1.163339566,1.075731609,1.072582139,0.812369358,0.865284865
0.999686251,0.9915047,1.166742019,1.069045484,1.070191825,0.803262849,0.854559164
0.995379459,0.997254816,1.168634482,1.068988279,1.073509081,0.804709307,0.863698841
1.004425596,1.008720083,1.161715472,1.071551513,1.05902017,0.816653274,0.850250623
1.001974592,1.001168062,1.170621339,1.072027734,1.072322163,0.812579094,0.864288901
1.002874496,1.00024037,1.152814151,1.070442047,1.064896264,0.814736756,0.861663646
1.000702338,0.999510024,1.148754741,1.074569039,1.074019273,0.81527982,0.869646444
0.995702889,0.991302109,1.155760252,1.07293879,1.0655846,0.817757164,0.858849477
0.989790775,0.995546351,1.15390157,1.07121241,1.071400378,0.809605277,0.86781317
1.006009783,0.99922896,1.165479933,1.074446017,1.064346707,0.814628187,0.863109574
1.001088551,0.995220568,1.161225823,1.07889052,1.080384879,0.809668745,0.864174551
0.999409221,0.992516955,1.157072881,1.068255101,1.072077042,0.803387802,0.859322174
1.00613483,0.999125667,1.160141054,1.072258114,1.07077897,0.812898965,0.859347621
1.00918501,0.998145589,1.159088988,1.066985739,1.077660242,0.808158224,0.869547747
0.999614677,1.003021415,1.164716695,1.063678506,1.074069414,0.804616312,0.85950067
1.006176218,1.006139568,1.156493456,1.073901118,1.071247056,0.809049799,0.861926845
0.994961968,0.991076587,1.16362796,1.064883036,1.068514638,0.802851231,0.860042009
0.995803054,1.008584772,1.161055229,1.069419747,1.069896717,0.802487204,0.863761977
1.000521599,0.99885296,1.163517577,1.070374108,1.07532676,0.798475866,0.869133929
0.995630014,1.005007174,1.158806647,1.067958657,1.061594745,0.805444363,0.860375397
0.997370767,1.002089122,1.165681857,1.080397605,1.068302669,0.806736922,0.858042516
0.995658873,1.001690633,1.163834396,1.066453996,1.066113503,0.799122434,0.855805998
0.987778568,0.999693499,1.151028432,1.070081297,1.074387999,0.816818711,0.85605255
1.004160727,1.003826467,1.152697862,1.071981255,1.049320448,0.810204405,0.864559647
1.001559207,0.999898985,1.159181171,1.07607906,1.072164916,0.810003256,0.864944588
0.999095698,0.999260956,1.158084147,1.070227249,1.066867451,0.803069792,0.857723292
1.008098,1.005570374,1.168335407,1.074337776,1.069122442,0.810637041,0.853032924
0.992914837,1.003983395,1.153248439,1.070241372,1.067187647,0.805870662,0.861081119
0.998051796,1.001050239,1.161872863,1.070259216,1.067605325,0.809765595,0.871706585
1.001898659,1.00498663,1.164432928,1.065945721,1.06775168,0.813340816,0.866371685
0.995870472,0.996161459,1.164328905,1.073054975,1.06988374,0.804344551,0.859705315
1.008146833,0.992328652,1.156427513,1.070585502,1.065372465,0.812532554,0.860859553
0.991810116,1.003718957,1.160938088,1.07543318,1.068459323,0.797319695,0.85769689
1.006805735,0.991692903,1.154811267,1.061710511,1.064910873,0.813299855,0.856434869
0.995124305,0.992138462,1.160832252,1.071797616,1.066728721,0.820346031,0.859559128
0.988051552,1.005609394,1.16889817,1.063383562,1.06585077,0.811298947,0.853283039
0.997963356,0.99407604,1.165519628,1.061204452,1.065628109,0.804527807,0.872071259
1.00156736,1.006501433,1.164604717,1.066985344,1.059834743,0.803417962,0.859429155
0.991512457,1.010814654,1.168571151,1.066491309,1.0717921,0.810735323,0.85346456
1.004160362,0.994307043,1.163426991,1.067261811,1.066710412,0.813478024,0.850837858
0.9935362,0.99437374,1.154984238,1.065880334,1.067065203,0.805150087,0.870544552
0.996086437,0.998862741,1.158508781,1.0685971,1.06838563,0.806935794,0.857830382
0.996737805,0.995078832,1.158996096,1.070278169,1.060366777,0.809532049,0.861918488
0.988448908,1.002539365,1.15777991,1.066352437,1.073587523,0.799443879,0.864644373
0.995112053,1.005713094,1.158602594,1.070842949,1.069425939,0.80581317,0.855923734
1.006800038,0.999590812,1.152612862,1.079507044,1.066814279,0.809221943,0.851998215
0.999424749,0.997886315,1.156661365,1.059567114,1.074009857,0.812961802,0.858330798
0.987686432,0.996709149,1.161911451,1.069923438,1.072198237,0.80643784,0.865541201
1.002579539,0.993897031,1.159987611,1.070290832,1.067742452,0.799868113,0.858201819
1.008189996,1.002704211,1.163268464,1.067929109,1.061239792,0.812648458,0.862087035
0.99666764,1.002848725,1.155148318,1.071370465,1.0687315,0.808732612,0.859320425
0.999132825,0.996879453,1.159475339,1.066538242,1.068734234,0.813162964,0.85889785
0.998952599,1.002548659,1.159723153,1.075897281,1.060798848,0.810994333,0.861484576
0.999528983,1.000464433,1.155257864,1.059310307,1.07462782,0.814092894,0.861673714
1.0007962,0.993917656,1.150937066,1.059329074,1.063145631,0.804842548,0.859393101
1.006213269,1.001330427,1.164272724,1.075039585,1.073103212,0.80345403,0.868612477
0.994761873,0.997698728,1.16313586,1.064054078,1.070263397,0.805055178,0.853553658
1.003418641,0.999497071,1.158123293,1.065017272,1.071561236,0.809489128,0.861679458
0.994089108,0.991383488,1.16835468,1.061331098,1.068123272,0.815526899,0.857137327
0.994597992,0.998349902,1.167639632,1.061903107,1.071530034,0.810667683,0.861839869
1.004678842,1.002217534,1.16596172,1.065698332,1.062278972,0.797352129,0.864281504
0.994619097,1.001972155,1.166185938,1.070025184,1.077395581,0.806505134,0.867366784
0.995884681,1.000181038,1.148521754,1.056986579,1.070079241,0.805003811,0.855485841
0.994855165,1.001454126,1.154777972,1.066123376,1.071352867,0.807879698,0.868947455
1.000570147,1.001561391,1.160403992,1.068826612,1.058227881,0.805677289,0.856444194
0.996673663,1.007031755,1.165641271,1.06936103,1.063488857,0.815094443,0.858294099
0.995145427,1.00900536,1.170744151,1.072483738,1.080524172,0.805667166,0.866869335
0.993074343,1.00369191,1.149575842,1.072753922,1.081497845,0.804691466,0.861683344
0.993030075,0.99655198,1.165196404,1.067279066,1.063867113,0.81315701,0.852299569
0.997932518,0.995512601,1.156314977,1.061648671,1.066521784,0.808026136,0.863919885
0.993640887,1.001467935,1.170805231,1.073270564,1.072855687,0.806674645,0.866145614
0.991154464,0.993803189,1.165049945,1.075147097,1.071106661,0.802932322,0.869698775
0.999210233,1.001723508,1.159660827,1.07179036,1.069532268,0.811305653,0.859921871
0.99202517,0.998037297,1.158560936,1.063222329,1.066120849,0.807943011,0.856355779
1.001708536,1.006180305,1.151146459,1.064836811,1.06731767,0.808188595,0.863360656
1.00322643,0.986903355,1.15484727,1.077034478,1.08131332,0.809572904,0.858317001
1.003421085,1.001218117,1.168946516,1.069318361,1.071899191,0.810828277,0.858764661
1.001771088,0.996358884,1.160518385,1.066082226,1.067130967,0.810894079,0.859789696
0.994795771,0.996894457,1.163213142,1.074237516,1.068598138,0.813549028,0.857681553
1.002804532,1.001211103,1.164842103,1.057358788,1.071705801,0.804829009,0.864413081
0.999672665,0.994833005,1.160574188,1.075121844,1.065373333,0.807566981,0.859613716
1.00943528,1.00228242,1.165262181,1.069791755,1.074726106,0.816240064,0.856033989
0.995780693,0.99625491,1.165209514,1.061623315,1.069918547,0.814836386,0.856487956
0.993173107,0.999347819,1.159593639,1.069675527,1.07469131,0.815237065,0.863275931
1.002605914,0.998526477,1.156127522,1.069178554,1.0669521,0.809978021,0.857944244
1.003806154,0.997694058,1.154102947,1.068372965,1.069276017,0.808346888,0.859329592
1.010012657,0.995771842,1.157617288,1.066369353,1.070086119,0.808777317,0.862060487
0.999276242,1.000898982,1.157966047,1.07012958,1.057962362,0.813581102,0.865547646
0.992652211,1.000944297,1.161810588,1.067795911,1.080950136,0.811845057,0.861869889
1.006638271,1.001363167,1.158902946,1.071251385,1.069615055,0.81439739,0.857289209
1.005289383,0.990521932,1.165406106,1.064641451,1.062817034,0.815170346,0.859287879
0.995886321,1.003649943,1.162833944,1.074819006,1.071680921,0.809767849,0.870900335
0.992371907,0.996720681,1.166085253,1.064495861,1.069228731,0.807226118,0.863692627
1.004341194,0.99929793,1.160769923,1.065661205,1.072773459,0.806477876,0.85512157
1.008026907,0.99345751,1.160912039,1.078430197,1.070086006,0.80439018,0.855549571
0.998502008,0.998987911,1.160469189,1.063333503,1.073155011,0.808468644,0.875059535
1.001399539,0.996641362,1.163460075,1.066491969,1.06250272,0.811536404,0.855456065
1.000633062,0.991334217,1.163883223,1.068172343,1.075392951,0.813342304,0.86391709
0.991480428,0.991701686,1.156514067,1.072827609,1.069946711,0.81338017,0.870416083
1.007255463,1.002554219,1.159814537,1.071768279,1.066860539,0.805065408,0.853455381
1.001082688,0.999067663,1.168764092,1.065115502,1.072436982,0.81558933,0.858749376
1.000659384,1.004639302,1.157644422,1.064416062,1.06224687,0.809200434,0.865232574
1.006283867,1.002420343,1.149786008,1.063714721,1.064674185,0.808722528,0.866080956
0.996931349,1.002102082,1.164090951,1.075900859,1.075402224,0.815920757,0.8603538
1.000507563,0.993440572,1.150403382,1.060522617,1.068829591,0.808191252,0.861796893
1.004229322,1.001810143,1.161161022,1.073895306,1.079555419,0.813374347,0.862769075
0.997782745,1.013130005,1.164600725,1.063774477,1.073453528,0.804679801,0.859917115
1.004026918,1.001655202,1.161946663,1.071902948,1.06800384,0.812190577,0.878473747
1.002879124,1.006086997,1.160415292,1.07783506,1.06739554,0.803143751,0.85216163
1.009097491,1.006444355,1.160508346,1.068463567,1.066087117,0.809868971,0.866228761
1.009151068,0.996285838,1.156903796,1.072530492,1.071586174,0.809178486,0.856408348
0.99459198,1.001745679,1.165509388,1.076317467,1.080288779,0.810932548,0.86092263
0.999227373,1.004220697,1.16369466,1.070248437,1.061989193,0.808836399,0.854802295
1.004560186,0.993048174,1.163157979,1.069394769,1.071437221,0.809874346,0.864964394
0.995358269,0.996804231,1.162684195,1.073386031,1.068674893,0.811082687,0.859457916
0.997795912,0.990200797,1.157155873,1.071806808,1.065040355,0.810720146,0.867999931
1.000495662,1.003581562,1.160027981,1.061015446,1.070736915,0.806392503,0.862733515
0.996032048,0.999948447,1.157827898,1.064487064,1.072595719,0.808359596,0.859465231
0.99276827,0.982488497,1.156723262,1.06357319,1.066355784,0.817407489,0.857533769
1.012293045,1.004519969,1.159180573,1.070692647,1.06772758,0.811883581,0.853445822
1.007483131,0.995002713,1.162294667,1.070972191,1.064896517,0.8100494,0.871876854
1.005604409,0.998484407,1.153576333,1.070575493,1.067890869,0.811333914,0.864733206
1.001130494,0.99331845,1.156917406,1.074150886,1.072743155,0.807602583,0.861674114
0.993920141,0.999867589,1.156366887,1.071082425,1.075436742,0.812660183,0.859075088
0.996709427,0.995968101,1.160286814,1.068780043,1.076177034,0.819387266,0.860667524
1.002162874,0.995478859,1.152158241,1.070541985,1.08066167,0.808330223,0.859874676
1.001796242,0.998722299,1.165266773,1.073529968,1.077269754,0.807816372,0.858436781
0.997321163,0.992604087,1.164969843,1.068711771,1.065819363,0.811320899,0.863802885
0.998992815,0.998751063,1.166460878,1.065276733,1.064599414,0.821323748,0.856585968
0.992203563,0.99722394,1.150036389,1.072718055,1.068201064,0.81548781,0.865879692
1.006502209,1.000151658,1.162777625,1.07783381,1.075550557,0.809886401,0.859453183
1.002879676,1.001756989,1.157765725,1.072405908,1.066052905,0.799996214,0.857244812
0.999569411,0.999472195,1.151177305,1.072118156,1.06366376,0.802829007,0.861554194
0.995327296,1.005196894,1.155003358,1.068064745,1.068315685,0.800192677,0.860775422
1.009495744,1.011399643,1.14939959,1.068075468,1.076164838,0.809231768,0.858800359
0.992660869,1.00300193,1.163501491,1.064833197,1.076559835,0.813859965,0.858635761
0.998663432,1.001562768,1.159989341,1.073772218,1.066729068,0.816979465,0.858478781
1.00169151,0.993456333,1.160840995,1.064277924,1.064835827,0.811917751,0.863830031
1.003278765,0.998526187,1.173685823,1.069442613,1.07162937,0.81459584,0.871857171
0.992477345,1.001192929,1.157464312,1.065180933,1.062851713,0.810488756,0.859728143
0.998308199,1.000211524,1.156707367,1.072379791,1.06651909,0.801536506,0.850583869
0.995869957,1.003741419,1.155960891,1.067224075,1.070617302,0.810755279,0.850506192
1.006494801,0.997479374,1.160377843,1.076062582,1.071293694,0.806054055,0.860658267
0.999874403,0.998589735,1.164498853,1.065566052,1.074071007,0.799169473,0.864616733
0.996818516,1.000023003,1.159856533,1.073040015,1.078925667,0.804947744,0.85940589
1.007167514,1.004394068,1.160909555,1.071237546,1.075875957,0.807468728,0.858085914
0.996448581,1.004947711,1.155037806,1.068185331,1.062799024,0.806959486,0.855366549
0.99613454,1.002530067,1.162088122,1.078434825,1.06552164,0.799657639,0.853715704
1.009982261,0.997806024,1.158427623,1.069873217,1.074934195,0.805761552,0.858494089
1.001067122,1.001425857,1.163908033,1.072887606,1.071212867,0.806077881,0.869336662
0.997848546,0.997163908,1.15453647,1.075717325,1.068902925,0.810882621,0.858690807
1.001155133,1.006447003,1.160744312,1.062473863,1.0705748,0.809656068,0.86543577
0.996748118,1.008953403,1.16055003,1.071435025,1.074031711,0.81608884,0.862075651
1.00661996,1.004424592,1.162889896,1.078355449,1.068214658,0.812979726,0.859349972
0.99966809,1.00038453,1.168287139,1.066427173,1.078271547,0.811862675,0.860071112
1.001447493,1.0002484,1.152544924,1.06968631,1.066021842,0.809562478,0.860407282
1.010143372,0.993677367,1.161439635,1.065640357,1.058891654,0.80367463,0.858482627
0.995861553,0.996122535,1.158156961,1.07299836,1.071294507,0.807203423,0.859129616
0.999169609,1.000235886,1.154203792,1.070093164,1.066155737,0.804906581,0.862182298
0.996269919,1.011811586,1.155989153,1.064619904,1.069157466,0.809605809,0.868306727
1.003014707,1.003604209,1.159961906,1.077716605,1.070035982,0.807192249,0.863770586
0.997655076,0.996043192,1.162266689,1.068615765,1.063838735,0.810512943,0.867741315
1.002086667,0.991442009,1.164298398,1.068901115,1.064080103,0.808335385,0.851188209
0.998653006,1.001893104,1.166302055,1.069981325,1.069459153,0.808803527,0.863930228
0.992998363,0.99651264,1.158673919,1.076568167,1.073184828,0.801878856,0.867969813
1.007572965,1.005202865,1.156188605,1.063412971,1.07154883,0.810247107,0.860332988
1.001403822,0.997354712,1.160206709,1.075033804,1.070956187,0.812125028,0.863714907
1.002980715,0.999639449,1.156235512,1.071072804,1.073457333,0.813710295,0.856258919
0.996408898,1.002841266,1.156475862,1.071563857,1.063287218,0.801472208,0.853404938
1.007194242,0.999089611,1.166669864,1.069562159,1.068173626,0.813262622,0.862097297
1.013428148,0.999393351,1.163443788,1.080459813,1.071036666,0.816694221,0.855849823
0.99994364,0.99776377,1.163750778,1.068792978,1.068326422,0.82160868,0.854812703
0.999085515,0.998734761,1.155944085,1.064416525,1.068222326,0.802409798,0.862569814
1.001245216,1.003973861,1.157920444,1.064883088,1.079434509,0.812484086,0.85469565
0.990400306,1.009884173,1.164623157,1.064210393,1.080987339,0.817251407,0.861538879
1.004685793,1.005440636,1.165413857,1.069651973,1.068141396,0.80964267,0.864826432
0.998302081,1.00104705,1.163643836,1.064510303,1.072245443,0.801908685,0.854811103
1.004397025,1.008559773,1.164332934,1.058009236,1.064554966,0.807567702,0.854012457
0.999313765,0.999949251,1.159297029,1.062124889,1.065706945,0.809745004,0.860433678
0.998700264,1.004170802,1.157582767,1.068034598,1.067191835,0.821991754,0.86010786
1.003258812,0.993529544,1.165435602,1.066298157,1.067802329,0.804146834,0.860182638
1.00084756,0.996733499,1.164380935,1.072000308,1.071795125,0.808379396,0.860302269
0.996910201,0.997384455,1.167729279,1.073412501,1.064670964,0.815151322,0.850571421
0.992396984,1.007135807,1.164690891,1.062093129,1.06416725,0.806359297,0.856203368
0.995906937,0.997759016,1.167924743,1.07442182,1.078599639,0.815070535,0.857369318
1.00821683,0.999134224,1.161822829,1.067008548,1.083347276,0.798325334,0.861621852
0.993489479,1.002630714,1.166195687,1.072510312,1.070462405,0.811154094,0.861272026
0.996775394,1.001621016,1.166837562,1.076383499,1.076188591,0.803019605,0.858139603
0.999545749,1.009639499,1.164213111,1.063890524,1.072262929,0.805031394,0.867045073
1.000289347,1.00153849,1.153152069,1.072995363,1.064457841,0.815499958,0.865753382
1.004991543,0.985615611,1.158351537,1.066562457,1.064564753,0.806419915,0.858747759
0.999108221,1.011324527,1.163996632,1.067011692,1.062557971,0.816238304,0.857142744
0.998063974,0.997197661,1.1572395,1.070912524,1.063219853,0.814247608,0.867434102
1.005834613,0.999400081,1.161514473,1.07243789,1.070345879,0.815891659,0.861615961
0.998411536,1.005050327,1.165014739,1.067028527,1.064266019,0.812343852,0.865177807
1.001527777,1.00669435,1.152753007,1.075629255,1.069810653,0.811338109,0.863660906
0.998660687,0.99592841,1.168193297,1.066353463,1.068210056,0.795658199,0.854508629
0.999206566,0.992889061,1.157386635,1.075435933,1.075151848,0.810433955,0.864525812
0.998748332,1.006792185,1.18067445,1.072075198,1.069257921,0.813964346,0.861098832
1.002960528,0.999076665,1.161251148,1.070620766,1.065692412,0.804845045,0.869388738
0.992599197,1.006981802,1.155828095,1.066491898,1.07382074,0.814863892,0.859563194
0.995005819,1.003687621,1.158359677,1.072866635,1.066423938,0.815128367,0.861535404
0.999304324,0.996922586,1.162575253,1.081442431,1.066627342,0.81118976,0.864268148
0.999800462,1.0045848,1.161490355,1.069959069,1.07547329,0.81247796,0.86692373
0.995200228,0.998465916,1.156644282,1.07043052,1.059130991,0.804843388,0.852197339
1.000811476,0.999274087,1.160135833,1.070725274,1.071033278,0.808017328,0.859450612
0.996592424,1.001385479,1.157697734,1.077920629,1.071367004,0.803391504,0.861391537
1.002177796,0.993685271,1.157667472,1.074396869,1.071061054,0.804488741,0.862538382
0.997906372,0.997536216,1.163058679,1.05904799,1.071097982,0.816508094,0.865155937
0.999552675,1.007969754,1.167511485,1.073996589,1.071588647,0.802599937,0.862700312
0.994704477,1.00432163,1.166466226,1.069853784,1.072114117,0.810767732,0.857239472
0.995431459,1.001613339,1.171697604,1.072388367,1.075093278,0.801007804,0.866071882
1.004846119,1.003209452,1.154352444,1.069318591,1.067288998,0.807661194,0.861359272
1.006686726,1.009148415,1.159042307,1.072391908,1.067375137,0.808448867,0.863889069
1.008323129,1.001108509,1.158316872,1.071211335,1.063162135,0.814222296,0.865379506
0.995111205,1.00308923,1.153512131,1.072015904,1.063079289,0.806383322,0.862975981
1.003303503,0.993500185,1.157307984,1.070621747,1.073175077,0.80067003,0.861387725
1.004529941,1.004790749,1.158021179,1.063733594,1.073139559,0.812306869,0.852451019
0.99439379,0.999021209,1.162863424,1.063095099,1.071142649,0.809580986,0.859928764
0.996485397,1.004473542,1.158841898,1.065086427,1.066631773,0.810068872,0.864634169
1.00129654,0.99895352,1.156909336,1.068893318,1.064739421,0.807617026,0.873696626
1.000847612,1.005599654,1.158252303,1.064976784,1.073940001,0.807742207,0.861775725
1.003961506,0.999944506,1.15681591,1.074127384,1.071724709,0.807180461,0.861219615
0.99769189,1.003732145,1.164127674,1.074650083,1.068833016,0.811965899,0.860839014
1.008415563,0.997838783,1.152507217,1.064240322,1.069424415,0.808483883,0.858149314
0.99769397,0.993702844,1.162336842,1.065343481,1.07357087,0.81393927,0.858825016
1.001686312,1.004913742,1.157430175,1.064799609,1.07068312,0.806242132,0.859214293
1.008263394,1.00715049,1.163274172,1.074576273,1.067158023,0.814651207,0.859947951
0.994633185,0.996801483,1.165563806,1.070061573,1.069964994,0.80720315,0.864710854
0.996840279,1.000195493,1.161943643,1.069218629,1.07487496,0.806607187,0.869369171
0.995347167,1.001497447,1.157327911,1.064374292,1.074214395,0.809064409,0.862238788
1.006934,1.003065038,1.160259078,1.06693305,1.064739666,0.80632571,0.862388533
0.99639339,1.004638916,1.164343974,1.062296838,1.070354972,0.806783923,0.855568554
0.991743658,1.00040275,1.164996696,1.068495529,1.077709789,0.806372405,0.864775424
1.011447723,1.003999496,1.154020174,1.071986309,1.083161009,0.820866671,0.855704269
0.996029588,1.004611276,1.168754639,1.072437729,1.064360844,0.813502599,0.853833432
1.000865889,1.005491249,1.16331874,1.069340926,1.0674449,0.800497068,0.866729953
1.001365096,0.993389144,1.162072351,1.067928731,1.069405392,0.808725018,0.859646944
1.006819307,0.997560611,1.160180412,1.070484522,1.077698471,0.79610963,0.862569481
1.004024351,0.997841943,1.157997407,1.073727488,1.064631541,0.811215831,0.87073923
1.01193382,1.000063766,1.158489577,1.082450232,1.071814526,0.811222444,0.859483964
1.008082005,1.003274045,1.158321952,1.079168265,1.066107592,0.813443901,0.860669773
1.001169474,0.99662972,1.154105518,1.062815605,1.070519722,0.811049458,0.859435404
1.004705511,1.007866855,1.15302369,1.075336197,1.066473631,0.816062495,0.86642201
0.99898248,1.000643911,1.163049267,1.070886037,1.061725185,0.807420313,0.853970945
1.00513259,0.993156176,1.166281551,1.076903311,1.072648969,0.800439794,0.865757375
1.005627279,1.000269607,1.166110941,1.066035208,1.065708695,0.799405043,0.854339008
1.00393657,0.994569433,1.151631982,1.067415751,1.069980573,0.803965652,0.860487054
1.010975074,1.002326283,1.160625458,1.072858504,1.075611425,0.806877221,0.862409243
1.000484693,1.002766074,1.160115415,1.07271965,1.067911071,0.810847397,0.857360124
1.003211858,1.002138349,1.162858852,1.075884717,1.071179548,0.811454409,0.86631918
0.99703861,1.010841025,1.156171912,1.060997354,1.068855541,0.810600079,0.863701165
0.996297956,1.001087646,1.157074832,1.063141422,1.071379657,0.810409873,0.85980107
0.99087417,0.991670768,1.158210958,1.073978758,1.069382583,0.809105862,0.863334099
1.001125144,0.994424275,1.154536658,1.071357822,1.07630387,0.810697527,0.861356537
1.005830104,1.008524814,1.166167731,1.078718548,1.070783836,0.809883135,0.858917279
1.004142603,1.008976484,1.167085031,1.065874742,1.062914698,0.798668538,0.864948474
1.002782147,0.999749099,1.162138005,1.06662757,1.074529579,0.808139544,0.859971393
0.993773906,0.995387786,1.148425228,1.065434922,1.069473847,0.806489894,0.855970598
1.005313169,1.001109241,1.166576779,1.069280319,1.063153175,0.811130223,0.859611686
0.99492509,1.005986811,1.161128144,1.076202381,1.074981931,0.818843279,0.856751133
1.003100483,1.004234983,1.159681856,1.074926175,1.06981043,0.799509217,0.856039788
0.997087225,1.00020043,1.164309597,1.068182012,1.0797321,0.808596721,0.858750811
1.005784759,0.988686942,1.157214624,1.080324181,1.072395155,0.80430909,0.869482752
1.001482613,0.996237512,1.158154104,1.079938434,1.074476803,0.823178896,0.866743996
0.999945326,1.000914942,1.15840564,1.069959479,1.066225734,0.804896289,0.857689598
1.003240882,1.002784969,1.162790347,1.063877292,1.081682994,0.800433444,0.860935213
1.008887598,1.003758745,1.161071603,1.065591043,1.064099958,0.816220681,0.864560375
1.005025323,1.005993904,1.158437428,1.074275398,1.072515349,0.808102645,0.865621551
1.006596187,0.993855632,1.160831373,1.075947542,1.076538992,0.806287707,0.864772487
1.00174814,1.002959581,1.157926981,1.06803943,1.064651564,0.8180288,0.855938142
0.995947784,1.001677308,1.156477066,1.068533591,1.070501716,0.805160244,0.857951417
1.004630481,0.999166993,1.166080816,1.069075961,1.060192052,0.805894277,0.874198068
1.00237734,1.005615246,1.159757442,1.080226641,1.07245579,0.804881238,0.864556401
0.989905617,1.004941006,1.161719418,1.07393411,1.074124395,0.810031811,0.857206171
1.008353598,0.995538662,1.161707328,1.068094633,1.069325871,0.804657681,0.856822088
1.001954364,1.003862239,1.161869885,1.072010773,1.070505939,0.805258713,0.858307827
0.996318861,0.999781678,1.166360418,1.073305002,1.05779145,0.80553386,0.861789949
0.998941429,0.99960761,1.151633751,1.07487101,1.072020021,0.815170549,0.863827331
1.009165147,1.001480743,1.16410809,1.065005022,1.073993955,0.818152272,0.861330127
1.002715406,0.996325404,1.166156098,1.066279801,1.071586705,0.816808762,0.860883589
0.997629266,0.993152173,1.157225821,1.071269513,1.074428721,0.798621415,0.856822304
1.003381054,0.999714857,1.154389557,1.064096349,1.072890017,0.802752034,0.858294723
1.005870763,0.992763662,1.154159818,1.06963833,1.072828247,0.805288596,0.85603178
0.994899741,1.005647603,1.158725116,1.070846157,1.069358267,0.807615189,0.855417231
1.001859212,0.998413024,1.158172114,1.06987718,1.076212742,0.812295646,0.859931849
1.008696292,0.99549027,1.164708775,1.076207155,1.073692296,0.808906649,0.851824641
0.997974905,0.9961621,1.15687838,1.075567713,1.076162071,0.808498477,0.852364729
0.998658924,1.000989262,1.16104662,1.065521312,1.068620263,0.811172881,0.857722345
1.007287284,0.994771639,1.162236706,1.063292795,1.068570341,0.808628647,0.854411294
1.004599851,1.007194954,1.153990388,1.069685168,1.068845132,0.818401234,0.862714039
1.001481349,1.004535593,1.158376691,1.071617075,1.069656803,0.80663929,0.867217156
1.002196503,1.001700091,1.154897956,1.06795243,1.063807634,0.803931359,0.858821299
0.998474685,1.002514781,1.165334469,1.067680867,1.07795634,0.807969069,0.854992944
1.006013802,0.99977958,1.162810856,1.071004615,1.064619271,0.806614385,0.8680895
0.989106038,0.993379046,1.159719357,1.06221814,1.071344928,0.805626653,0.864704256
1.000026159,1.008408978,1.155955218,1.076087728,1.071660709,0.814670512,0.863302207
1.002164645,1.005393617,1.156727226,1.06675929,1.079331309,0.811513039,0.862167499
0.99808141,0.998927647,1.160896432,1.077991236,1.06987268,0.806540202,0.855828231
0.993249379,0.997925207,1.163392558,1.073921519,1.075083631,0.805322729,0.862809391
1.000399165,0.998476644,1.161043554,1.07515407,1.068911126,0.811778106,0.863384694
0.999533307,0.987356418,1.16518021,1.073018426,1.068240574,0.800490712,0.85453645
0.993856567,1.002887636,1.172635919,1.072479409,1.079341182,0.813272407,0.857887193
1.00360293,1.001145136,1.156943613,1.069023991,1.05932456,0.811945039,0.8537628
1.000571676,1.00510723,1.160154554,1.06666656,1.07237666,0.816649549,0.859201078
1.004460251,1.009404077,1.154415055,1.074449067,1.070290173,0.806057607,0.862539994
1.003471422,0.998276348,1.157156554,1.076158514,1.071615845,0.818160686,0.8516554
0.992591554,0.994775908,1.165879452,1.058951287,1.070148201,0.801825124,0.860403269
0.999774528,0.99884817,1.165986965,1.068126445,1.07553765,0.814660956,0.861479402
0.997231741,1.00138769,1.159461785,1.066492416,1.066305303,0.817680357,0.852075603
1.005465062,1.001095835,1.161079903,1.076092813,1.068210163,0.804323485,0.853158191
1.004091035,1.008494828,1.157459713,1.066293334,1.06528778,0.822076929,0.859203437
0.998604902,1.000978211,1.156656384,1.073798703,1.075868043,0.813784054,0.868343021
1.000164586,0.998055736,1.162899851,1.073909684,1.065952525,0.809351769,0.858746916
0.996896375,0.987465381,1.168805673,1.079139638,1.062042862,0.805187048,0.864555897
0.995016232,1.005551762,1.162045235,1.066150486,1.072279209,0.810879421,0.858844558
1.002751671,1.002094686,1.154713476,1.068767979,1.076700258,0.808804843,0.868969444
1.000847513,0.995950209,1.156413782,1.068598397,1.077416091,0.816809398,0.857947936
0.998482507,1.000900224,1.153288206,1.064946509,1.074943349,0.808258314,0.858535029
0.998359576,0.998400259,1.1572508,1.068154112,1.062541706,0.807370746,0.85833073
0.992891585,1.00129811,1.164211084,1.069653824,1.068546249,0.811219169,0.857971037
0.997345246,0.984193956,1.15095293,1.071029914,1.070695526,0.816038098,0.86309547
0.998104738,1.008856514,1.159059325,1.076212616,1.070043986,0.816325308,0.862269351
1.00046599,0.999131091,1.159800932,1.070480864,1.070944257,0.81556503,0.854671083
1.004133018,1.002913859,1.16305692,1.065960448,1.064863271,0.811004911,0.863643574
1.003245591,1.000614669,1.166882154,1.069616895,1.077114245,0.807845179,0.867373505
1.001638631,1.006464208,1.167461086,1.071609424,1.07061914,0.80548879,0.847771953
0.998022676,0.997365981,1.159799829,1.061166514,1.07479244,0.807857557,0.852455408
0.997097155,1.003024617,1.161995077,1.065555182,1.06963137,0.812561378,0.855084001
0.993366699,1.004843424,1.155233997,1.083226906,1.076200841,0.80687432,0.854007195
1.002427462,0.997882069,1.154083446,1.072034972,1.065612066,0.802333133,0.860223681
0.997848731,0.993688353,1.158204855,1.059885302,1.064779687,0.81956316,0.869233183
1.002140542,1.006266546,1.16805521,1.071594922,1.071420348,0.806581923,0.870071098
0.993557043,0.998342452,1.160441073,1.065428744,1.073097438,0.820467309,0.86311712
0.998530026,0.995145063,1.159309191,1.066454655,1.073167236,0.817340407,0.866347166
0.996785159,1.006960585,1.154596268,1.075868238,1.064465123,0.8163086,0.864357907
0.991381109,0.99889006,1.162027947,1.074735789,1.074545159,0.808728291,0.85936222
1.002669849,1.000082231,1.160699517,1.074261038,1.062395248,0.805922742,0.873661077
0.993844304,0.996023306,1.16429826,1.072098248,1.068787338,0.809286886,0.850641016
1.008839293,0.998716868,1.159464964,1.062152852,1.074510427,0.817401317,0.862422027
1.000102112,1.002317762,1.160489604,1.071614055,1.070184547,0.806116941,0.868203986
1.000594853,0.9912145,1.163204145,1.076700407,1.062275256,0.821148564,0.860369443
1.008583698,0.993747659,1.160493576,1.065347532,1.063087996,0.809671775,0.87041827
0.996433246,0.997232434,1.161236782,1.069034199,1.068983892,0.807333978,0.853393738
1.003937436,0.998222021,1.15922275,1.069982674,1.079236636,0.812279324,0.85815538
0.997414562,0.999377979,1.155053863,1.062287383,1.071112401,0.806663033,0.867873688
0.994290719,0.999491568,1.161467161,1.068147047,1.068018623,0.806018141,0.855616463
1.007132523,0.994153874,1.155843641,1.068860187,1.071735304,0.809913793,0.856953295
1.000408412,1.004399526,1.155851149,1.073328193,1.069587209,0.806600213,0.863278872
0.997863284,1.005406128,1.153196158,1.08273169,1.069975746,0.803549219,0.862860099
1.000765221,0.994916925,1.149786046,1.072450886,1.075172431,0.805793217,0.86355933
0.998217104,0.999546154,1.167350772,1.068717269,1.073765686,0.804893152,0.855620321
0.989568984,0.996662583,1.167651901,1.066637692,1.063967394,0.814001459,0.858314302
0.994153538,0.997643625,1.160010697,1.071480362,1.070061615,0.80296915,0.857119608
0.997641736,1.008679188,1.158993302,1.072515338,1.070103848,0.803383238,0.856005575
1.001912675,0.993267689,1.148211255,1.068399347,1.063921609,0.802418562,0.859412207
1.001209719,0.994340182,1.154643093,1.060031566,1.073283091,0.819391737,0.863427065
1.005284342,0.997779011,1.170188327,1.063573422,1.072524872,0.811359827,0.860009844
0.994696404,0.996749697,1.157157567,1.071320071,1.069807542,0.812480155,0.861318088
0.99516442,1.000120701,1.158591274,1.074483704,1.078927182,0.803835975,0.863763267
1.009455957,0.995310447,1.156844639,1.07131367,1.074960344,0.807095591,0.865352578
1.00641017,1.005442309,1.156778543,1.068626223,1.061683991,0.811987127,0.861640903
0.99241255,1.000623578,1.149506505,1.062769885,1.069573434,0.814849035,0.865112589
1.003071182,1.004917728,1.165539504,1.062600572,1.074527423,0.799385328,0.862253656
0.994176465,1.000906345,1.163828549,1.063880543,1.061617485,0.803477029,0.861359607
0.998070387,0.995016953,1.165371011,1.073814455,1.069909906,0.809733817,0.862289116
0.996848442,0.993484438,1.156736637,1.070301102,1.075238206,0.80692606,0.86337847
1.005138903,1.004439272,1.163937812,1.076874405,1.07889751,0.803136956,0.857080153
1.001278247,0.996069913,1.159472118,1.081491077,1.065886176,0.809341153,0.867491877
0.999712458,0.994991249,1.154659731,1.074231319,1.073487634,0.809823463,0.857906496
0.997261538,0.999521211,1.154240458,1.075390972,1.07453044,0.806864942,0.866096871
0.996607492,0.999161954,1.163655528,1.080240614,1.070547482,0.81018886,0.858578135
1.000703324,0.999407245,1.158105716,1.063981569,1.067375243,0.800608875,0.859874906
0.991807415,1.002056865,1.160245808,1.076135784,1.069139164,0.806374056,0.851716922
1.003276084,0.996291092,1.165243605,1.067304041,1.070300309,0.807790166,0.850843325
0.998139041,0.993848981,1.157592634,1.073357763,1.078638698,0.813571573,0.856802783
1.006782691,1.000892969,1.157362051,1.076380268,1.06644954,0.804682283,0.861407852
0.995923067,0.999877409,1.156352501,1.073591109,1.064362242,0.81402136,0.860641001
0.996519259,0.996244113,1.1604867,1.067161879,1.061787946,0.805160042,0.856293533
1.001921338,1.003264016,1.156446466,1.059275448,1.070450873,0.808651574,0.866252273
0.994317319,1.006498443,1.158880854,1.075397603,1.06513165,0.81173423,0.858238168
1.005937497,0.999314218,1.176871067,1.066717921,1.070560271,0.819750952,0.858216305
1.001491336,0.998737187,1.161451136,1.058376953,1.069094457,0.808906248,0.853456154
1.001575495,0.997897847,1.153076367,1.0837879,1.065958474,0.810202427,0.865184764
1.001338817,1.002706338,1.157155765,1.075555845,1.07227529,0.812833022,0.866211967
0.997218252,1.005153366,1.167693785,1.076159137,1.068348861,0.809571174,0.857365197
1.00783372,1.001218137,1.158141175,1.069533841,1.06657153,0.812217036,0.85705084
0.99973032,1.002003449,1.160886003,1.069645206,1.069372809,0.809592763,0.871645604
0.997346204,1.003137322,1.160078026,1.071098861,1.064595527,0.808722917,0.859684348
0.990185243,1.001017102,1.162115679,1.068191443,1.074886768,0.808275113,0.861581421
0.998908118,1.003208136,1.16160229,1.07215507,1.069230474,0.820518639,0.861490458
1.000900005,1.005272201,1.15441201,1.085164954,1.069043441,0.808999167,0.871401765
1.008096772,1.00732661,1.163754503,1.073275786,1.076412676,0.812400876,0.861353439
1.002710201,0.998486279,1.164747103,1.069990701,1.05753037,0.801850748,0.858702896
1.013353173,0.993460875,1.162310894,1.069794434,1.070164418,0.806043786,0.861472804
1.007175597,1.008222397,1.158954594,1.078017998,1.061586511,0.805004637,0.860432839
0.990175567,1.000741709,1.157897531,1.074007779,1.073459811,0.819465301,0.866412193
0.996354436,0.998954161,1.159644565,1.065306981,1.071648777,0.811824454,0.860454617
1.012945615,0.99961836,1.156640765,1.081977888,1.068826552,0.81068722,0.858830109
0.991322905,0.993545929,1.147630301,1.067435298,1.062788976,0.814850145,0.856869805
0.995087537,0.997010732,1.159814612,1.074911269,1.062180029,0.804258869,0.862102635
1.004049123,1.00287432,1.167917155,1.066899455,1.072270263,0.804145969,0.867842968
0.993862856,0.998178441,1.155595308,1.075137159,1.072282857,0.814005704,0.857469499
0.995474064,0.992611907,1.172945188,1.075922543,1.072089646,0.813572556,0.864867797
0.99317043,0.986711323,1.15373683,1.060784054,1.06626884,0.805681443,0.863871907
1.005206595,1.00541278,1.163652944,1.067885011,1.073169821,0.808955976,0.862667153
0.998202846,0.989093674,1.156846805,1.059193482,1.063749323,0.805143427,0.867297845
0.999391352,1.010111167,1.157712078,1.071748802,1.069374775,0.817096174,0.852129657
1.005934333,1.001812239,1.162287764,1.073023627,1.073136072,0.807710418,0.850171365
1.002437847,0.995615264,1.167687168,1.067598614,1.073678828,0.813507432,0.86822213
0.998103126,1.001018854,1.172143563,1.076228883,1.078320955,0.809235529,0.863303662
1.00235502,1.00279542,1.159216675,1.06661961,1.065474404,0.807333374,0.858675509
0.994493255,0.995967578,1.163763538,1.066467983,1.063279879,0.810103794,0.866545935
0.993841836,1.007889982,1.159379421,1.076001837,1.072822723,0.806121597,0.851376652
0.996435577,0.999500689,1.162332786,1.075923227,1.073284736,0.812045415,0.868295166
0.993168553,0.998432693,1.173810072,1.075228099,1.08028986,0.804510749,0.853030554
0.993440213,0.99684056,1.15912726,1.070667041,1.076127101,0.808692104,0.859439889
1.005370153,1.003465728,1.149452261,1.066779937,1.068293784,0.801750466,0.860580428
0.997392603,1.007979043,1.16025561,1.070493396,1.078218146,0.812465545,0.846869097
0.998251249,0.997827132,1.15526639,1.071790925,1.071969101,0.807960661,0.859500055
1.001702991,1.000674109,1.166281404,1.064538094,1.077769123,0.806915695,0.863041151
1.000092582,0.993635679,1.165975564,1.067631718,1.063343682,0.812103712,0.86683239
0.993628431,1.003997698,1.162023401,1.072478144,1.066401802,0.816412999,0.856101364
0.997609303,0.998300583,1.16115527,1.066103906,1.053018914,0.811035513,0.870543066
0.997636487,0.992985442,1.147905667,1.073962863,1.067010334,0.808646422,0.859234259
1.006316077,0.994625168,1.165980887,1.06887773,1.071838139,0.819731634,0.861944515
0.999130214,0.993583383,1.155438279,1.073404706,1.069155306,0.810052796,0.865520272
1.000976703,1.000756696,1.166938666,1.064425921,1.071663429,0.808640117,0.856412648
0.998750611,0.9978677,1.161797971,1.068040481,1.074865886,0.808668579,0.856010343
1.010161148,0.999175617,1.163043789,1.069199437,1.076128051,0.803125913,0.862564715
1.008443302,0.996133231,1.164162998,1.06720189,1.071257317,0.801485175,0.854852137
1.003089111,0.999308338,1.16131844,1.0694117,1.073706339,0.804252773,0.857302009
0.998757593,1.000853744,1.16353054,1.072856673,1.077752033,0.810819087,0.863566438
1.000872328,1.000248266,1.160457991,1.069404857,1.067113199,0.811071947,0.863890466
1.002258662,0.995959132,1.164697675,1.067471444,1.073504721,0.798037707,0.862543533
1.002168657,0.994938724,1.169596995,1.071533547,1.068865701,0.807669541,0.85426602
1.005750802,0.999129157,1.160864227,1.072557856,1.081817278,0.805335057,0.857057107
1.003355394,0.997372902,1.166002307,1.071969852,1.066384064,0.808507649,0.861116316
0.993112151,1.002841123,1.165186434,1.072693779,1.068895126,0.796377814,0.862251814
1.003124776,0.999541983,1.157612031,1.072538266,1.07957727,0.815295045,0.845437464
0.995447697,1.003085902,1.161425391,1.069072131,1.067862757,0.807171045,0.862979182
1.00470134,1.004260306,1.162223746,1.075505713,1.071726675,0.806237645,0.861201542
0.991689066,1.002603807,1.160717804,1.076487366,1.065427023,0.807667775,0.863680551
1.00439784,0.9995805,1.16789689,1.072095267,1.063027552,0.802959201,0.867335833
1.001474551,1.001829467,1.146569489,1.071836492,1.059753491,0.813615432,0.859875986
0.995298451,1.008597427,1.163309577,1.071872973,1.066343241,0.80882765,0.867649504
1.006334792,0.99799637,1.159730762,1.067449576,1.068633588,0.81423771,0.854388708
0.999200339,1.004422067,1.161610172,1.072839484,1.073282001,0.807944182,0.875265012
1.003302171,0.989143954,1.170525465,1.073617907,1.064286328,0.809084168,0.860445038
0.995536308,1.004162149,1.158568389,1.067668682,1.069920054,0.810400803,0.863352285
0.99962539,1.007773176,1.162285802,1.068219898,1.063316319,0.814703814,0.855335601
1.006290313,0.997875532,1.160846321,1.074140791,1.067002119,0.808822408,0.865449665
0.999643512,1.00469512,1.160821647,1.067525292,1.070542665,0.806523647,0.86482088
0.997378179,0.997809311,1.170906736,1.070560286,1.069637731,0.802365224,0.856426285
0.997934642,0.99708065,1.165477427,1.069144979,1.070619117,0.822207449,0.864445847
1.000905297,0.995308708,1.15358339,1.068012491,1.066479535,0.809787976,0.859780163
1.000946506,1.008182122,1.15916308,1.063400135,1.076187556,0.808879951,0.858849213
0.99491273,1.002485517,1.15103596,1.067863436,1.073073478,0.809173507,0.864329134
1.000334767,0.999762188,1.161354731,1.068267568,1.078738461,0.812777913,0.854181168
0.999097798,0.998586924,1.161810555,1.076773891,1.072110218,0.810058984,0.870927862
1.004978112,1.002970515,1.161300301,1.070742305,1.0748316,0.801456559,0.861035486
0.999565244,0.99318182,1.153785951,1.071743822,1.069616224,0.80241127,0.856466109
1.00310955,0.991489534,1.16140719,1.075092819,1.07074552,0.80501301,0.867703419
1.003562263,1.008137027,1.167476516,1.067120222,1.069961119,0.805936581,0.859512197
1.006910113,1.000005656,1.158922063,1.070637746,1.073003352,0.813292182,0.866808469
1.013032507,1.005413143,1.163359242,1.064626405,1.0733668,0.810213125,0.862363369
0.991494144,1.007798936,1.157091856,1.076444407,1.066861502,0.814824325,0.860570948
1.003053029,0.999476659,1.161269865,1.068194243,1.069160215,0.804633385,0.856066266
0.996293953,1.001119226,1.153105102,1.079372592,1.071997485,0.807586714,0.858533354
1.002152579,0.998231595,1.171435687,1.075599644,1.072934167,0.815451999,0.864106724
0.998459625,1.000236525,1.16011022,1.071273366,1.070762263,0.805683898,0.859813873
0.992714685,0.993535481,1.152656601,1.073094631,1.069539318,0.802700274,0.861865509
1.009071741,1.001525255,1.154653509,1.066512062,1.078151165,0.81475145,0.857060719
1.00483556,0.996495077,1.165282466,1.083059472,1.078030761,0.814286731,0.86471451
1.000968812,1.001675208,1.156218509,1.064133817,1.065241528,0.803130872,0.852037753
1.004034729,1.001821529,1.156308353,1.078085232,1.058997776,0.80463833,0.866731993
0.995194563,1.001332728,1.163706337,1.062713931,1.069981148,0.811231434,0.859512746
1.006477397,1.002505213,1.15554682,1.076556398,1.068900228,0.803669118,0.857764328
1.003727585,1.002833771,1.148454884,1.07308438,1.079080187,0.807056175,0.861288407
1.003833436,1.004245087,1.155713922,1.067738674,1.072767317,0.812070318,0.873936869
1.008730024,1.007965844,1.15442022,1.068016641,1.06055729,0.813129367,0.860984434
1.00456865,0.997611083,1.1648744,1.079473502,1.069287474,0.808632414,0.860258062
1.009833557,1.009957225,1.158489983,1.071679323,1.077775977,0.809406941,0.861369853
1.005641578,1.002125202,1.163915263,1.063869501,1.069498182,0.813861128,0.873608476
1.003768957,1.003265803,1.158236459,1.074752934,1.069718877,0.807042648,0.86329886
0.996331547,1.0027918,1.155720001,1.06699364,1.070670393,0.806788429,0.869254796
0.997546027,0.994662243,1.162153448,1.061392246,1.067547711,0.81576378,0.86570453
0.993672574,0.997351869,1.165559266,1.072550737,1.072446074,0.816177858,0.862272169
0.999501506,1.00434963,1.160312385,1.062242658,1.075101352,0.812196383,0.864918381
1.00427966,1.003242358,1.151829349,1.064631249,1.067714619,0.808540714,0.859294357
0.994886961,0.99428414,1.152991391,1.080601773,1.068073158,0.81073151,0.864129971
1.004256758,0.998354448,1.154150529,1.074997567,1.073179727,0.816290955,0.857345933
0.999629289,1.001479762,1.159081724,1.061045171,1.066041938,0.802014601,0.866021329
0.994196559,1.002064264,1.158072607,1.068524806,1.074524909,0.808425115,0.866762086
0.999904734,0.992306751,1.160455494,1.070988956,1.069371194,0.814916987,0.857514435
0.999421604,1.000748748,1.14625709,1.068779475,1.077635772,0.807190369,0.862888075
1.001135904,1.002004896,1.154266271,1.070160139,1.06774238,0.80758544,0.860141358
0.991651293,1.009095854,1.163004734,1.068990969,1.062308528,0.810686625,0.861708848
1.004793595,1.006844184,1.153473018,1.068557984,1.072995931,0.81028653,0.863528854
0.998134797,1.001112519,1.164020257,1.069888172,1.069109719,0.808276187,0.858567164
1.007792698,1.004519959,1.16005041,1.071274031,1.080415438,0.808608748,0.862699762
1.000603828,0.994296511,1.16436499,1.068673753,1.067459903,0.797149997,0.86386983
1.006156023,1.002364293,1.160119479,1.076714202,1.074299671,0.809351248,0.864875796
0.999320788,0.99906439,1.156971268,1.072874495,1.074795835,0.81314073,0.868416699
0.9957705,1.004585171,1.164241014,1.064015095,1.071315741,0.811565407,0.861120492
1.00924224,0.99341374,1.157667567,1.074222929,1.072578416,0.809520182,0.856595344
1.001329035,0.999017844,1.168194832,1.065564797,1.074591236,0.801342147,0.858792809
1.005062669,0.993594837,1.151097338,1.077173688,1.061545168,0.810738387,0.86033685
1.00099193,1.003824596,1.152628816,1.061836206,1.068190383,0.809691156,0.853508615
0.994958496,1.003747185,1.159967131,1.065970773,1.072059343,0.810602952,0.863641547
0.992979111,0.99743004,1.154469268,1.066822377,1.069248587,0.811439184,0.864416514
1.007462437,1.000533474,1.15763823,1.06871102,1.074708626,0.804866271,0.850716642
0.994060637,0.998321423,1.154422457,1.069804779,1.076432232,0.811364696,0.861735878
1.005626491,0.999012327,1.150631593,1.074230498,1.077025277,0.815507421,0.864915693
0.998613293,1.007917478,1.159186287,1.073018325,1.070147577,0.805036614,0.866257732
1.000251032,0.999063544,1.158884475,1.070442002,1.072018708,0.803118517,0.865731308
1.011645676,0.997055812,1.155302115,1.076680409,1.057972767,0.804812364,0.857068331
1.002378707,0.996128716,1.165261899,1.072470159,1.064914937,0.809821907,0.860894982
1.007002542,0.996679835,1.159837859,1.078067579,1.069201525,0.806231227,0.861893747
1.004034677,1.000246955,1.15791844,1.075308438,1.065377414,0.809868004,0.853338074
0.994978896,1.000670513,1.159325574,1.077951523,1.071816719,0.815382582,0.865345683
0.996686955,1.007436112,1.15812609,1.069826616,1.062614725,0.807988566,0.85352445
1.001408886,1.004217201,1.154440264,1.070320746,1.078367688,0.809178975,0.853614312
1.005239956,1.00121759,1.158749239,1.063982395,1.075114032,0.803543695,0.860000926
1.009991465,1.000722233,1.157899027,1.074186529,1.069294556,0.814774351,0.853219031
0.990954295,0.996730917,1.16068592,1.070444268,1.075238219,0.800893921,0.849795778
0.997884794,1.002419764,1.154825373,1.068876659,1.077491739,0.803884539,0.859524502
0.997115627,0.994637521,1.15928911,1.069779618,1.067042092,0.804264079,0.868898839
1.007602619,1.007035304,1.159895869,1.076151577,1.064946123,0.808873259,0.869907404
0.997206669,1.005230474,1.170385699,1.074765823,1.083636551,0.811608708,0.870429551
1.002690033,0.999478229,1.162410523,1.065694941,1.077962922,0.812262862,0.854903327
0.994976547,1.005096144,1.160628722,1.067426092,1.072016783,0.810072267,0.854303729
0.998853369,1.001008566,1.15612142,1.068397174,1.067701593,0.807564859,0.858002313
1.000119951,0.996852022,1.153522529,1.073859918,1.071665132,0.811011086,0.857829221
0.994665379,1.00045302,1.158468874,1.067131861,1.069353425,0.811521346,0.864148193
0.99436643,1.006142415,1.162534915,1.070256389,1.070460091,0.802616094,0.869908396
1.001209078,1.009760889,1.163965464,1.082842806,1.071556785,0.816603998,0.853015676
0.996562683,1.003016304,1.159857189,1.074313492,1.075822345,0.810192702,0.867234796
0.997191718,1.005682551,1.159995412,1.069351985,1.077822047,0.810095166,0.853034077
0.995663025,1.002559838,1.156112018,1.06731677,1.072121506,0.810732338,0.864689524
1.004764973,0.998019499,1.165630703,1.064799911,1.068686335,0.80225816,0.860236507
1.003378452,1.005818862,1.150856,1.071190824,1.06571464,0.807076961,0.869956632
0.99584324,0.998707353,1.157727168,1.075925356,1.071124946,0.80381488,0.854569482
1.000756701,1.005299239,1.16365388,1.073948477,1.075724511,0.802060973,0.865481228
1.005816218,0.996674376,1.167721764,1.0664097,1.073513577,0.816402579,0.868640042
1.005979197,1.000129183,1.165268653,1.071808117,1.072234611,0.796173369,0.860974525
1.000128076,1.003295149,1.156105203,1.06987174,1.070677409,0.796810595,0.863813864
1.011768284,0.992578345,1.160748609,1.069073886,1.070075057,0.819308028,0.864912022
0.998808348,0.99828572,1.151273195,1.07128465,1.070421484,0.815539694,0.856578989
0.9977907,0.996993304,1.162788578,1.074097701,1.074198792,0.803421777,0.870692078
0.996599353,1.005464793,1.159508048,1.069208892,1.072758971,0.80532219,0.863538928
1.001383432,1.002391943,1.164978306,1.071003785,1.075098066,0.807121263,0.861356395
1.000832188,1.000165301,1.15640714,1.06896956,1.0767113,0.805895488,0.860537931
1.003709834,1.011639607,1.169041873,1.064859136,1.072529098,0.806755924,0.8626052
1.008694562,1.000462124,1.155118113,1.067323578,1.058187488,0.807051535,0.866444742
1.005663446,0.995375328,1.16446446,1.077685526,1.064736032,0.805907605,0.86430563
0.997242258,0.99981215,1.170208844,1.066303677,1.063286901,0.814298512,0.863319937
0.995894501,0.996583756,1.165121019,1.065983589,1.071068977,0.80903362,0.864119959
1.001534899,0.992443085,1.156808315,1.065576995,1.072882518,0.812338579,0.861327945
1.008691842,0.993605792,1.161743354,1.064063303,1.05862323,0.804849808,0.851764225
0.999429268,1.005330561,1.15849402,1.068140171,1.075872692,0.810989706,0.864010352
0.999010975,0.998486573,1.159608957,1.081058127,1.071456045,0.813447278,0.866424105
0.998072476,0.99256257,1.157640679,1.073282663,1.069864753,0.812938905,0.860974858
0.9986583,0.996742929,1.166660016,1.076012051,1.075713805,0.809906847,0.864234901
1.005532546,1.002358119,1.163953874,1.078373552,1.06225602,0.802072368,0.869125352
0.995750459,1.000074713,1.156968911,1.066309693,1.070142537,0.814823467,0.858694788
1.0026718,0.993840017,1.162116108,1.06970933,1.061685466,0.810984346,0.863355049
1.012739208,1.00610581,1.159631996,1.068366542,1.077217211,0.803276761,0.858986353
1.000577382,1.000851364,1.164151716,1.070283392,1.076215822,0.805644156,0.861562735
0.993994762,1.002006257,1.154877915,1.069031652,1.067803182,0.804098215,0.860673199
1.010724728,0.999446651,1.160926562,1.07514472,1.062086173,0.808688928,0.853124839
1.003210253,0.993742516,1.167179953,1.071157678,1.068831398,0.802802657,0.864657972
0.999615153,0.993294837,1.152182538,1.076394181,1.071191518,0.807918998,0.873322003
1.010153407,1.013408904,1.163348916,1.07975502,1.067050608,0.815990902,0.867830578
1.002335395,1.005125696,1.162259057,1.069946963,1.059904365,0.811645306,0.853931906
1.005229732,1.003132855,1.167599364,1.066808926,1.065861204,0.803519354,0.851762165
1.001329568,0.997482879,1.157353279,1.068661802,1.067823576,0.80376871,0.852885696
0.995755341,0.993843265,1.158449391,1.068805338,1.063325669,0.809373025,0.853589383
1.009549513,1.005435309,1.165865319,1.06790403,1.069651577,0.80358521,0.859840122
1.003843727,0.995988961,1.155903075,1.073529758,1.076565427,0.813662099,0.86029297
0.997073822,1.003441725,1.156703328,1.081438874,1.059721495,0.803681136,0.857096288
1.008103363,0.997469953,1.160203916,1.073979436,1.072288224,0.800881333,0.858022955
1.005357884,1.001681987,1.16156784,1.076458205,1.077786602,0.810093071,0.858198886
1.001733105,1.005997775,1.155299054,1.067532077,1.068815496,0.812343405,0.86352043
0.997317153,1.005137841,1.158362199,1.060618632,1.07172093,0.810036401,0.860893346
1.001334064,0.995741867,1.156284807,1.074770427,1.073959958,0.808593752,0.859383984
0.99385097,0.997737891,1.163291112,1.071452599,1.071989475,0.805430337,0.859332825
1.005505228,1.011110461,1.16127544,1.070494447,1.061518029,0.8077041,0.859623709
0.993020154,1.004184307,1.160754149,1.063742527,1.069018434,0.806815123,0.854576149
0.992501131,0.998293252,1.161487833,1.071360696,1.060159051,0.799133451,0.856038263
1.006256117,1.000415455,1.163407469,1.07270238,1.072960983,0.810154386,0.859065665
1.013368662,1.009443098,1.154536793,1.071057694,1.068025637,0.811776784,0.864134781
0.995105782,0.995294505,1.164838742,1.081248044,1.0669677,0.812694924,0.857524315
1.003461141,0.998822711,1.160809435,1.069938843,1.07043701,0.80958526,0.861898616
1.00515138,1.000394457,1.170107738,1.072187401,1.069409879,0.818501389,0.860362133
1.001096869,0.984273494,1.167822469,1.070980971,1.059020065,0.806238604,0.85608801
0.994626252,1.006758983,1.156929344,1.070779054,1.066051629,0.815715235,0.862845289
1.001360734,1.001900037,1.152357981,1.072374292,1.068018462,0.809360247,0.864519792
0.996989655,1.005424149,1.157268173,1.078160534,1.066251539,0.811162379,0.856140804
1.002163567,1.002227609,1.164988005,1.076802992,1.077769384,0.808805742,0.861348719
1.006159968,1.011025237,1.16356218,1.075072805,1.072482752,0.810651282,0.863954221
1.000678088,1.002900698,1.158170564,1.064957371,1.073036339,0.805055825,0.866312418
1.00766922,1.00076811,1.157674793,1.072745479,1.074970513,0.802691849,0.857593533
1.000252847,1.002487062,1.148200038,1.07640237,1.067354424,0.808637304,0.861971297
0.992870922,1.00525909,1.165098576,1.062423351,1.068266816,0.808918834,0.86669876
0.993198989,1.003042934,1.150477163,1.06197109,1.071162356,0.798340804,0.871827507
1.008666428,0.993032854,1.164684048,1.072003728,1.06692068,0.807633988,0.861716757
1.003677716,0.99706562,1.161769506,1.071636889,1.062572296,0.811193485,0.856269025
0.99831859,1.005933468,1.164230957,1.064848969,1.06870332,0.809991874,0.865607255
0.999865563,1.007336424,1.157232709,1.059213013,1.06861363,0.807120269,0.861027611
1.001146307,1.005872739,1.157485846,1.067744229,1.066516713,0.809357696,0.86125988
1.0135671,1.010682539,1.155820012,1.076177741,1.068620947,0.79792884,0.864152266
0.997070182,1.004477983,1.164805477,1.060443512,1.069236698,0.806667878,0.859970976
0.992221804,0.993898286,1.160976197,1.072975607,1.06346688,0.815561625,0.860240119
1.001566408,0.995036534,1.164462404,1.062753551,1.074821262,0.809558622,0.859998651
1.007384682,0.998392109,1.156117806,1.070910285,1.065005034,0.806019227,0.86263574
0.996033329,0.995385942,1.15757557,1.076592933,1.072880312,0.815427364,0.865176417
0.993396667,1.000708015,1.160018978,1.074448205,1.072163814,0.813997587,0.858777641
1.001204543,0.997801711,1.154400088,1.057681509,1.07213356,0.81515856,0.860002094
1.000063768,0.993220441,1.162742309,1.07363691,1.06192104,0.807157038,0.867999177
1.006638408,0.998128634,1.166137831,1.066825491,1.076484779,0.81423258,0.858924867
1.000560748,0.992737762,1.167775342,1.072641456,1.066759818,0.804907683,0.861431288
1.007247396,1.003500073,1.156818548,1.075966707,1.081833406,0.810642379,0.871398969
0.996290927,0.996823401,1.147083541,1.076759103,1.074439636,0.812551568,0.862982927
1.001181593,0.995997664,1.162172492,1.069223855,1.061581985,0.79839131,0.860991623
0.993854867,1.005149534,1.162256382,1.067572849,1.067730076,0.803818021,0.86871808
1.006119504,0.99123542,1.157134721,1.069641659,1.071627064,0.807839997,0.86143189
0.992528976,1.000937742,1.164084526,1.069964012,1.071798152,0.808557484,0.861666877
1.010980992,0.997551723,1.149980534,1.064864248,1.070821043,0.801036982,0.871713261
0.990076965,1.002129953,1.155687898,1.072407289,1.067177458,0.814249374,0.858662846
1.002928299,0.992122829,1.160957468,1.061519542,1.074067052,0.806181346,0.860469794
0.995969658,0.99916987,1.158107225,1.066612285,1.07880385,0.80780357,0.857836063
1.003143939,1.00188408,1.163711858,1.064525395,1.071266097,0.814945771,0.875593309
1.003624677,1.001590487,1.157753651,1.074674639,1.070669975,0.807558535,0.858297168
0.995141653,0.994773065,1.162044421,1.069053434,1.073365654,0.80472207,0.86110528
0.989669161,1.007081358,1.166749426,1.086015363,1.076013845,0.80919794,0.866175815
1.005527057,0.997199182,1.14687032,1.063056208,1.067099478,0.805681214,0.848566447
0.999900997,1.007392468,1.162957432,1.068274738,1.063684297,0.81989164,0.862657387
0.995218763,0.998270832,1.164551886,1.06441031,1.071325709,0.807864442,0.856728693
0.993303757,0.991383559,1.170875449,1.067397029,1.076283212,0.814220559,0.869607994
0.999950166,0.996071198,1.157327417,1.071290846,1.06640519,0.804346203,0.851925406
0.996963149,1.004017423,1.167502079,1.064106893,1.076614827,0.812687087,0.866494005
0.999348885,0.989383524,1.1586368,1.074108981,1.070009868,0.822241842,0.862603856
0.995879467,1.004386321,1.164736491,1.071388576,1.064006296,0.810851196,0.854362669
1.001335604,0.991587263,1.157729057,1.074914782,1.060710696,0.806144186,0.856928572
0.999835429,1.001021497,1.158694867,1.070773245,1.059283292,0.806315716,0.856901543
1.007598307,1.005797228,1.157264214,1.070674382,1.072596169,0.806109758,0.863018379
0.996362194,0.996132609,1.166706406,1.075184421,1.067717692,0.806637974,0.853207789
1.005389555,1.004025983,1.162266293,1.077526866,1.065625965,0.815549078,0.869129862
0.999086179,1.001886902,1.157888964,1.076188549,1.067091358,0.813236323,0.864033409
1.002162362,0.993009338,1.15764502,1.077182354,1.067757298,0.810099403,0.860963371
1.005126589,1.005889561,1.161672858,1.072039131,1.070171911,0.809673473,0.86566201
0.997343253,1.014596418,1.151934883,1.071484426,1.066983991,0.808511165,0.857717146
1.009419768,1.00560704,1.163264835,1.073063681,1.062539188,0.805131525,0.861882265
1.00285821,1.00183023,1.162097817,1.062362166,1.063479025,0.807791095,0.856599663
0.998396867,1.01056098,1.161546356,1.078100433,1.076271615,0.813662305,0.861182765
1.000498026,1.003294943,1.155598223,1.067247756,1.070609943,0.808714544,0.860809706
1.004033563,0.997018,1.162645221,1.064780066,1.073488072,0.81180624,0.862659956
1.002259967,1.009779555,1.163238261,1.06399173,1.06689585,0.806779821,0.863455738
0.996770545,1.001849785,1.162895327,1.078516679,1.066730457,0.814187943,0.859001767
1.006370532,1.007936347,1.161859949,1.06784156,1.067270453,0.811682555,0.863469571
1.004831079,1.000651046,1.156711438,1.064493067,1.067563622,0.815957525,0.855466388
1.0043038,1.003327984,1.154005216,1.069111645,1.064339242,0.809552973,0.867673913
1.003589235,1.003574284,1.161590348,1.073074332,1.063879402,0.810467686,0.860497816
1.003319259,0.999454945,1.148190731,1.071658737,1.062328763,0.807809144,0.854123317
0.997754734,0.985528396,1.159163941,1.065829737,1.067665147,0.809624505,0.853494291
1.001578608,1.00146491,1.160946363,1.06002889,1.067105141,0.812849119,0.86473044
1.002864114,1.000520611,1.160755211,1.074728171,1.068119912,0.807315648,0.861698969
1.002526207,0.99497447,1.161604062,1.069989432,1.063175451,0.809102971,0.861209921
0.99687141,1.003226475,1.160239571,1.07286769,1.064312574,0.799194184,0.858581254
0.996828931,1.002707492,1.154880502,1.067679795,1.069837166,0.79883327,0.855945748
1.001755907,1.006666806,1.154147088,1.075126628,1.071516414,0.815259783,0.858882295
0.994031217,1.002463651,1.151516662,1.068095921,1.065780232,0.813952749,0.865183256
0.997828485,1.006532949,1.146476037,1.065120447,1.070190058,0.812669868,0.864158287
1.006413755,0.996307058,1.161623579,1.061651357,1.05861273,0.808915289,0.863042377
0.99813646,1.007710518,1.166742316,1.069370834,1.071090586,0.807871501,0.866902618
0.997224898,1.007382415,1.166279622,1.062743753,1.078419899,0.814239538,0.853215129
1.000477196,0.998421264,1.166195717,1.07284778,1.079537099,0.80961089,0.85766944
1.002089122,1.003296851,1.155352134,1.064962191,1.071298904,0.819064052,0.864691938
0.993776961,1.005016847,1.161765236,1.065402212,1.07388511,0.815692481,0.861868668
1.002645892,0.986409152,1.154396354,1.063636403,1.065892092,0.809572624,0.863725339
1.002988957,0.991676935,1.15079438,1.066148663,1.068554825,0.807597847,0.862593078
1.002036564,1.003038761,1.171072057,1.073566004,1.071144456,0.809687294,0.861220555
0.995233719,1.003527117,1.152435265,1.076558341,1.067440019,0.806629504,0.861800959
0.997479433,0.989886213,1.157325251,1.065478831,1.075795001,0.814283161,0.855685686
1.005750181,1.003040372,1.158932531,1.068398232,1.064568951,0.809859875,0.872536879
0.998663896,1.004811606,1.157742666,1.068596316,1.074308586,0.806598985,0.8649392
1.000416284,1.010437456,1.164519329,1.07307192,1.075642586,0.81403202,0.861285298
1.001072838,0.990058807,1.160712373,1.072690889,1.074056808,0.808889444,0.854215089
0.997670988,1.001899005,1.156482999,1.082676668,1.080712051,0.806250434,0.863577014
0.994340272,1.006433621,1.156034799,1.064164725,1.0587863,0.806989253,0.866792645
1.005198701,1.000028365,1.155686187,1.065272835,1.066246507,0.813123749,0.862048579
1.001901626,0.996056177,1.158649837,1.068538613,1.068219506,0.820550048,0.863389928
1.003001488,1.001669691,1.16163229,1.071320072,1.058488932,0.807575678,0.858798611
1.005354712,0.996668014,1.152782743,1.073532379,1.071943496,0.80506994,0.85534346
1.000202579,1.003567798,1.150871568,1.0600468,1.076762132,0.810989745,0.862740957
0.997387948,1.006949256,1.160582844,1.06981866,1.074865004,0.799429449,0.865086832
1.006949104,0.997612505,1.157196374,1.070017045,1.068465846,0.806192902,0.855945936
1.000146169,1.004018294,1.16239935,1.06913223,1.085204546,0.799265839,0.857587453
0.997292048,0.997642506,1.160755475,1.064435611,1.078121933,0.811623425,0.858060372
1.007445092,0.997122428,1.155951832,1.063082608,1.07618063,0.805794906,0.857150331
0.98873225,1.008263585,1.15864039,1.064975806,1.066870757,0.810533663,0.868414232
1.002102296,1.000096398,1.161080144,1.06795186,1.069748819,0.798037048,0.856820935
0.999597737,0.993005141,1.155473555,1.065675148,1.074273283,0.809341063,0.862503652
1.000111371,0.996974915,1.161335444,1.066320575,1.069720028,0.793929914,0.855698067
0.989190054,0.992172147,1.167575235,1.068151532,1.074504543,0.798474297,0.867342358
1.00188747,0.997755842,1.155207785,1.065256784,1.070456745,0.813082899,0.86959932
0.997509593,0.994756625,1.169475001,1.06158981,1.07243332,0.808060607,0.860274056
1.006346055,0.991617106,1.166458065,1.068380895,1.06552562,0.80206448,0.863727975
0.996040946,0.994538887,1.158727164,1.058804965,1.069413261,0.816451449,0.862801023
0.997162547,0.994885927,1.168746291,1.070775317,1.073074742,0.803732091,0.862430089
0.993045382,1.001541067,1.161292732,1.072180076,1.070298138,0.80985231,0.858419673
1.001107812,1.006522127,1.15786314,1.063474649,1.069975583,0.807069955,0.85277964
0.990134975,0.996771697,1.158804842,1.071994648,1.068477524,0.815457265,0.854770261
1.008897051,1.006746612,1.167508981,1.066805046,1.069382663,0.808662422,0.858680734
0.999034214,0.996813248,1.156755689,1.070531723,1.070473621,0.806158045,0.853610054
1.000465972,1.002021673,1.164091679,1.073777448,1.061553633,0.802199783,0.862654649
1.00685537,1.000068498,1.160855609,1.070114913,1.067399969,0.808674728,0.85870103
0.99389527,0.994753245,1.145438974,1.06979564,1.06386597,0.803978762,0.862164538
0.994584924,1.000060427,1.160633185,1.068317835,1.066327033,0.810082334,0.870049485
1.006992518,0.998526853,1.157038562,1.052361711,1.074481871,0.810378026,0.863581905
1.00576802,1.00059775,1.167304798,1.062532521,1.068436062,0.808973682,0.856744919
1.003156473,1.008749384,1.160232536,1.068535787,1.059975052,0.812050719,0.85344071
0.997554818,1.000268053,1.158034936,1.072475309,1.069368572,0.820848694,0.868258191
0.992289326,0.99268607,1.156394162,1.067257877,1.073141015,0.80402698,0.862633702
1.000546182,1.008608985,1.169145205,1.07392505,1.06777661,0.808380798,0.858758849
0.999799155,1.002616337,1.170286582,1.066969467,1.06597272,0.808690611,0.858115876
1.001710125,1.003635618,1.163680387,1.069729845,1.083557613,0.811536121,0.863582935
0.996056244,1.011932522,1.154130735,1.071963687,1.065384139,0.811255182,0.866063432
1.005291189,1.002822233,1.158411581,1.0836462,1.065502143,0.804627848,0.858945259
1.011034891,1.000724934,1.168049191,1.064948514,1.063958849,0.808057927,0.868087752
0.99263197,0.992626135,1.163009726,1.06945799,1.075835744,0.812329051,0.851391957
1.001976954,0.993637191,1.158037438,1.077338697,1.079727474,0.810599567,0.863229674
1.00758642,0.99921882,1.159610363,1.067636401,1.073785699,0.814736259,0.865799082
1.002321558,0.999597021,1.159687011,1.066023663,1.067401182,0.805553083,0.868670087
0.99718074,1.010260177,1.151676353,1.074839218,1.076183903,0.800481521,0.862763095
0.999417445,1.001554869,1.154499745,1.084547502,1.063944931,0.80895083,0.862701987
1.009197544,1.001022508,1.16917979,1.072931996,1.063148067,0.810696359,0.863151384
1.011658437,0.999328909,1.151323439,1.071344884,1.062585527,0.802189212,0.852072455
0.999229826,0.998305696,1.163747256,1.074132098,1.058933173,0.825386364,0.865421881
0.996509731,1.005017281,1.16178316,1.065553988,1.06464794,0.81435063,0.855037592
0.99746664,0.992432465,1.167893284,1.071325892,1.063390773,0.808307361,0.851539525
0.997794015,0.999356993,1.169194948,1.077775483,1.080354287,0.809604973,0.859337779
1.007817562,0.999321856,1.160680851,1.066316349,1.064422046,0.814500246,0.859487114
1.002309437,0.997456089,1.160500127,1.070602822,1.069288714,0.805785827,0.861311247
0.996934604,1.000388135,1.160086166,1.061835527,1.070851352,0.811533129,0.85762902
1.00101346,0.999414768,1.157856302,1.073743141,1.073083106,0.808090715,0.864276909
0.99703374,1.003406134,1.155138147,1.069712957,1.081627301,0.803816814,0.85791991
1.00362134,0.992661829,1.160345549,1.073441418,1.059985083,0.814242059,0.860636032
1.000185526,1.001621411,1.149630858,1.070716452,1.071345344,0.803271702,0.863816807
0.993990948,1.006552666,1.167566131,1.080304959,1.075238896,0.813806465,0.861719912
0.996048797,1.01175347,1.156544535,1.076166283,1.070207193,0.803402773,0.857782249
1.004505196,0.998340569,1.174095496,1.071315947,1.064480327,0.811436737,0.864370968
1.001268773,0.999219506,1.157920301,1.075134674,1.074528192,0.812296596,0.859344674
0.994317588,1.000594475,1.158438301,1.06813371,1.06852381,0.811962814,0.85248077
0.999973292,1.011553306,1.159515392,1.074689011,1.082750736,0.813352437,0.850371418
1.004211117,0.999747927,1.158522531,1.069320318,1.073519952,0.800103563,0.867696596
0.991385944,0.987956179,1.156881273,1.063567392,1.073047826,0.814743397,0.854751898
0.996459531,0.995647818,1.162435873,1.073700278,1.07745736,0.812341565,0.856205444
0.990755019,1.002098536,1.16656242,1.075795749,1.064261247,0.809943627,0.862791191
0.996973508,0.9987812,1.160623954,1.063233613,1.075150047,0.7972925,0.861062092
0.992786236,1.002440264,1.160864152,1.068690818,1.065615638,0.811006499,0.865371103
1.002841098,1.004071807,1.157881649,1.06541257,1.076825108,0.810581406,0.85325983
1.000929129,0.998961929,1.167964427,1.071788905,1.067312171,0.810722001,0.8627638
0.998181402,1.001670075,1.162012257,1.06937601,1.070350224,0.807673695,0.863330926
1.009869627,0.995243691,1.166641503,1.070544351,1.069452843,0.811508181,0.858920987
0.991436292,0.996089234,1.156424497,1.069412542,1.071612014,0.804347688,0.877275922
0.994249377,0.997081734,1.157991957,1.066137875,1.066744162,0.812249272,0.85980037
0.99441082,0.999338438,1.152478008,1.064599771,1.072186462,0.804143777,0.867330132
1.002247334,1.0002537,1.161267772,1.070848606,1.073893968,0.805291301,0.851994485
0.997019535,0.996438363,1.164343698,1.078984759,1.068362968,0.804148359,0.856096994
1.00344841,0.999412201,1.153819572,1.070103322,1.075287707,0.821447193,0.854041498
1.00199831,0.995111472,1.165010844,1.074133781,1.065496365,0.800357601,0.859213053
1.01199135,0.996373764,1.159349519,1.072169967,1.06608822,0.803280041,0.864964825
0.998339262,0.983593702,1.166677974,1.060944451,1.065731386,0.806352535,0.859540265
0.998036859,0.996232121,1.152528967,1.06539438,1.072704851,0.807573679,0.871322871
1.001337424,1.001174572,1.160967982,1.076636007,1.065842039,0.808428337,0.857776122
0.994866655,0.9989197,1.165803248,1.069156367,1.066925486,0.802372135,0.847665637
0.997969468,0.999347471,1.158169809,1.070002553,1.072860115,0.806880967,0.864959196
1.00219411,1.001742112,1.160856038,1.060625855,1.072319284,0.805619516,0.858110979
0.99246615,1.007926765,1.158156596,1.066330259,1.068562784,0.805134229,0.864051221
0.987682304,1.0122559,1.154559253,1.074896792,1.071366331,0.808953879,0.85580596
0.996226925,1.009781606,1.161357045,1.070564589,1.06613486,0.808781739,0.855579043
1.003473636,1.006255261,1.157588955,1.062921215,1.068511487,0.807057272,0.860466845
0.99811418,1.001359233,1.162113325,1.067215986,1.060800787,0.808461636,0.862244655
1.003443448,0.992690182,1.160210512,1.072991193,1.06796538,0.810345258,0.862208295
0.996484572,0.993941838,1.15655873,1.073045323,1.075936607,0.812552981,0.858897312
1.004706296,0.996524124,1.168848928,1.068025349,1.067067299,0.805369135,0.860268894
0.991762961,0.997796828,1.161168231,1.077514498,1.068978124,0.805674404,0.873126501
0.994266947,0.996073317,1.160012483,1.063654475,1.067831817,0.809414258,0.868742409
0.994897179,1.00054655,1.158998543,1.073244612,1.071727083,0.814448978,0.871118816
1.00511839,1.007033124,1.160844772,1.073019541,1.070468981,0.793791168,0.86577946
0.996894795,0.995137571,1.163301096,1.072629894,1.070013598,0.806601798,0.85741801
0.997413203,1.006913898,1.15904011,1.071855575,1.068439177,0.817273531,0.870911396
1.001410982,1.015923984,1.156317642,1.075799527,1.065350646,0.808310018,0.861421647
0.996711648,1.003139058,1.156875624,1.07650511,1.081231404,0.814154312,0.857486753
0.995743226,1.008906439,1.152384217,1.067284349,1.065835185,0.806457945,0.860453492
1.003509029,0.999574757,1.159493612,1.064118847,1.071136393,0.802606142,0.855198002
0.9993452,0.994049897,1.166641933,1.067204805,1.074015441,0.810803167,0.865780759
1.007985699,0.999336561,1.162161483,1.067438861,1.065728386,0.810122908,0.859624638
1.003416943,0.99977213,1.15712979,1.072502167,1.068571642,0.808431254,0.856148894
1.009174352,1.009848983,1.164236661,1.077508755,1.069123571,0.808435459,0.863727379
0.997874802,1.006834654,1.162234059,1.068431595,1.064700182,0.802716233,0.859201729
1.003459225,0.993250404,1.151914412,1.076625169,1.067378321,0.80858894,0.858987802
1.008928181,0.999531973,1.159842932,1.079807329,1.066375734,0.805507592,0.856096237
0.994917844,1.004609879,1.153161559,1.066551339,1.071353606,0.805335795,0.867202466
1.008139718,1.006092452,1.165002551,1.076493257,1.079665727,0.82358794,0.85670694
1.008036431,1.000771656,1.164970499,1.077908443,1.067943316,0.802984511,0.843769758
1.010000654,0.992820832,1.164143697,1.06884391,1.068143515,0.805878208,0.856691028
1.003812196,1.002475061,1.162705321,1.065764839,1.070631459,0.821080079,0.869692956
0.997312106,1.004973731,1.160252785,1.069088295,1.061221997,0.827649986,0.855590229
1.005655779,0.997007077,1.153422898,1.070068522,1.071662364,0.810632852,0.852458134
1.003069257,0.999678114,1.164216003,1.061666981,1.062395567,0.805040882,0.86239794
1.006871176,0.994626352,1.167445098,1.069552553,1.071615478,0.814291563,0.864359746
1.00529305,0.997767121,1.161201692,1.064649958,1.062217209,0.804464059,0.852608298
0.994556174,0.996695928,1.159957294,1.075497813,1.062214891,0.803152873,0.856476298
1.001311642,0.995226962,1.168998005,1.071304559,1.071914507,0.817203255,0.862677759
1.005095061,0.996553376,1.164774176,1.07071965,1.066178608,0.809812415,0.860570095
0.995719499,0.993300894,1.161984444,1.063241553,1.070797035,0.816795579,0.85965004
0.992978373,1.005857349,1.162288586,1.073251022,1.063700712,0.802706615,0.863967885
0.999176947,1.001926071,1.163613355,1.058941469,1.070747669,0.814567045,0.856670615
1.002022371,0.993847428,1.163633822,1.071925787,1.067106862,0.807429092,0.852536617
0.998348233,0.996191836,1.163521574,1.069323369,1.066344768,0.808340763,0.857434279
1.00441356,0.989064104,1.159012184,1.071434515,1.066611894,0.809196857,0.868608063
1.005670419,1.008695303,1.166540731,1.07660173,1.068110216,0.804395859,0.858455823
0.991624731,1.00315806,1.154905991,1.076022903,1.067545924,0.811548672,0.853369952
1.005406941,1.001654935,1.15937459,1.06155938,1.066563057,0.810211487,0.857206086
1.000649435,0.998869411,1.158096333,1.074429321,1.066947869,0.819076257,0.86443347
0.997909332,1.010150858,1.16018359,1.071414531,1.073649456,0.802300468,0.864750471
1.00517778,1.001285382,1.162551077,1.066025174,1.078842148,0.817686976,0.86252169
1.012284272,0.999567458,1.164754572,1.066154331,1.070731488,0.81150893,0.858238154
1.002092148,0.999966368,1.165661303,1.069519237,1.073805103,0.808717871,0.864077088
1.006772446,0.997239545,1.149092404,1.061232246,1.067793383,0.829685899,0.863004121
1.0025825,0.989536513,1.160697038,1.071974379,1.064503251,0.812689056,0.859668387
0.998599272,0.998503959,1.160374813,1.070137944,1.071543259,0.807602562,0.868396652
0.992618819,1.004253392,1.157335241,1.074086991,1.070693896,0.801839501,0.863291695
0.995666271,1.006423696,1.155718408,1.069869808,1.071922271,0.806250849,0.859928211
0.993126769,0.999763783,1.155011844,1.071639716,1.062260256,0.810290434,0.85772298
1.000843132,0.995623885,1.157486906,1.066541662,1.06323397,0.809284702,0.861975576
1.000901416,1.007957353,1.164365874,1.069516213,1.076154027,0.816390603,0.858393303
1.012699005,0.992383624,1.154772347,1.069468741,1.070372981,0.815162369,0.862750887
0.996918988,1.00002028,1.161576135,1.066960258,1.062542396,0.801464774,0.866021676
0.989364494,0.997475382,1.166256105,1.074185763,1.068818502,0.80716848,0.864831719
1.007492517,0.999008803,1.1515519,1.065182494,1.067275386,0.807458723,0.865659065
1.010593958,0.995711978,1.150755242,1.075720716,1.076599789,0.808616128,0.855109473
0.99672319,1.009858221,1.157726637,1.069705145,1.07354385,0.811490279,0.860622752
0.999583804,1.000251202,1.162283567,1.068794438,1.057927883,0.820415334,0.852362187
0.999806531,0.991250143,1.154240693,1.073587544,1.080364048,0.803595207,0.853175627
0.99454343,0.991872297,1.151576668,1.071372771,1.068981408,0.809912129,0.856399907
0.999377739,1.004000069,1.171257792,1.064374456,1.065041293,0.803699113,0.862976674
1.004593113,0.999934845,1.156888278,1.07791908,1.062443441,0.809984944,0.865410492
1.001161431,0.997926838,1.154581252,1.07203273,1.072893309,0.807597286,0.865814188
1.005574135,0.995391181,1.164374482,1.06411156,1.063621796,0.809388363,0.860846104
1.002982565,0.994562932,1.159649616,1.079345927,1.066054794,0.809277961,0.853289112
1.006523856,0.997027905,1.159395447,1.077448276,1.069889987,0.801121779,0.859284443
1.004935122,1.000440517,1.154703282,1.081169102,1.076255204,0.81700072,0.847972152
1.001165398,1.001933018,1.160146135,1.074078303,1.068360962,0.813481993,0.867677651
0.992650154,0.998851147,1.177466952,1.06926111,1.06435746,0.800812832,0.863883027
1.007930359,1.006355442,1.156766597,1.069602226,1.069162035,0.805023485,0.860746847
0.991251462,0.999519518,1.160038686,1.069939245,1.077133862,0.809662029,0.87217207
1.00722478,0.994156101,1.158660169,1.07042637,1.069509124,0.803753039,0.862756364
0.998622364,1.004725473,1.156141103,1.072747431,1.070575184,0.809079486,0.858443443
1.006764574,1.001356167,1.156554638,1.071777757,1.074769835,0.809925293,0.858232755
0.998081095,1.012786294,1.164043499,1.067859965,1.070228363,0.803248598,0.852844647
0.996053097,1.006517191,1.163092159,1.072889961,1.065857062,0.804561045,0.850390635
1.001483832,1.002128991,1.157997046,1.071263527,1.066065993,0.800539921,0.865639293
1.008693596,1.006822628,1.159716308,1.059943159,1.072933186,0.806961867,0.857314971
0.998100327,0.995769112,1.148072679,1.072015301,1.061959249,0.805902135,0.868881641
0.996160429,1.014310842,1.153792485,1.07730162,1.071082302,0.816739967,0.860270878
0.991977267,0.999052577,1.157169151,1.071744119,1.070785167,0.811954465,0.862258098
0.99398587,0.999162113,1.1626409,1.068730918,1.076484384,0.81026528,0.858156209
1.003435574,1.004304081,1.156460495,1.068440272,1.076829355,0.813544308,0.872544177
1.006217523,1.002664128,1.162596479,1.06609166,1.074277521,0.807534456,0.856738431
1.003271283,0.998239516,1.161980358,1.080286527,1.071979061,0.809877828,0.859371853
0.999528935,0.998997671,1.162714481,1.084862441,1.065958188,0.809271186,0.85864957
1.0045459,1.00183591,1.162307086,1.072193169,1.068523228,0.809739932,0.852571084
0.997332823,0.997376469,1.152807154,1.0656789,1.072727957,0.812131257,0.865304428
0.997695899,1.007405728,1.158752464,1.067546858,1.075445294,0.813923874,0.858229229
1.005426227,1.001537311,1.167760635,1.066284187,1.063112098,0.808257782,0.863268003
0.996082891,1.006322307,1.160603922,1.069285666,1.068670092,0.81453416,0.855392403
1.005458491,1.000939511,1.156853702,1.060062004,1.070355254,0.811248233,0.865684478
0.997946145,1.000922745,1.162780759,1.066554233,1.062800965,0.818202526,0.866098962
1.004568158,0.985831004,1.154105894,1.070030508,1.06722272,0.811478726,0.863761062
0.995098267,1.009493075,1.162723384,1.072201444,1.073317429,0.808950053,0.864405734
1.005523543,1.006247707,1.162028537,1.07280465,1.074174859,0.809590236,0.853744474
0.989821233,0.999065831,1.160003825,1.066148907,1.065670942,0.808135837,0.859098082
0.994187341,1.005925396,1.166713129,1.0780401,1.064840669,0.805032913,0.856612111
1.000163551,1.004259165,1.163345452,1.071997246,1.068883648,0.808695764,0.870374781
1.009464939,1.005322479,1.169276913,1.067887515,1.064873566,0.807091734,0.847849623
0.99747497,0.997066299,1.151218901,1.060420772,1.060222421,0.80952489,0.857278373
1.000895039,0.995849194,1.162154348,1.058967513,1.063690652,0.806351752,0.85910579
0.999151269,0.995089002,1.164118403,1.078096618,1.070196793,0.810598348,0.851229493
1.002384505,0.99902673,1.161873169,1.061605964,1.069603278,0.80781734,0.861623658
1.004763827,1.00103321,1.164051342,1.07185428,1.076137845,0.809943621,0.86172469
0.993889743,0.999559434,1.165117267,1.077079695,1.071480637,0.805257618,0.868557918
0.996582817,1.002627173,1.159244873,1.067519009,1.074150598,0.806936624,0.859334259
1.000216075,0.997466937,1.162511523,1.061505623,1.064716128,0.802716454,0.859569959
1.002773767,1.000112859,1.149964926,1.063198368,1.07037813,0.805969973,0.866011617
0.997376822,1.005340639,1.157858168,1.076103575,1.071123009,0.805840893,0.861706775
1.004076005,1.001699364,1.155134709,1.068777673,1.067351347,0.81185002,0.868509416
1.003081315,1.004677222,1.158835775,1.068877599,1.069513077,0.811158351,0.860422687
0.995774976,0.998151611,1.162844697,1.071234656,1.069370703,0.816095026,0.857073613
1.000239446,1.003992487,1.156332093,1.065681654,1.074483873,0.810607719,0.861231544
1.001159172,1.001925537,1.170853356,1.068014552,1.064443658,0.804762255,0.855676241
1.00410708,1.004734884,1.167628143,1.061319657,1.064318695,0.811667306,0.865186373
1.00475096,1.000122178,1.158046041,1.077199153,1.065945033,0.808630279,0.857098716
1.004146932,1.002293231,1.16295436,1.069683398,1.064382187,0.809411596,0.862895051
0.995694122,0.993271331,1.154298978,1.082824098,1.071181588,0.804490903,0.873641898
1.003033982,1.008473322,1.156978231,1.062307089,1.067061347,0.808289234,0.867291703
0.993404045,1.000737493,1.164402884,1.069079893,1.072570953,0.812639601,0.86823104
1.005367892,1.008291819,1.156124992,1.074446704,1.06708597,0.808516162,0.860957046
0.99447278,1.002269001,1.162042667,1.07306372,1.060056819,0.805927663,0.866895144
1.005248715,1.001370197,1.157830385,1.068477092,1.075453399,0.814913622,0.867342743
0.998519385,0.995941877,1.163223302,1.070242814,1.065801373,0.80286135,0.862266237
1.001971694,0.992219262,1.164244133,1.06806958,1.06579344,0.816542885,0.862117971
0.999976734,1.00206498,1.169238217,1.058645896,1.066880928,0.811709596,0.859467855
0.995908424,1.005601835,1.16646822,1.070794862,1.067329755,0.803780418,0.858713704
1.002702905,0.998536169,1.157445559,1.070975966,1.072980353,0.806916846,0.863085317
0.996103008,0.998987457,1.153092445,1.070185432,1.068580066,0.808683041,0.855457479
0.993047902,1.004165091,1.158078877,1.069102992,1.071131606,0.813049662,0.866200752
0.998139576,1.000457777,1.165595943,1.073354949,1.071999046,0.802820741,0.866177274
1.009447216,1.005544794,1.155414646,1.061338367,1.061467128,0.80344448,0.860438437
0.999409247,1.001770218,1.159771595,1.066971311,1.065075803,0.808535247,0.851840542
0.994130966,0.997775653,1.159401932,1.074365966,1.075017598,0.8062853,0.85792957
0.993601318,1.002851991,1.163541878,1.06492336,1.061712233,0.808241543,0.854189602
0.992501502,1.001596273,1.162875474,1.067267874,1.071262955,0.805618238,0.862216065
1.008226548,1.001791041,1.167118024,1.074704945,1.069940878,0.811593597,0.858429556
0.994518924,0.998150391,1.160127588,1.067225614,1.060864721,0.801877847,0.863565023
1.001046347,0.996922389,1.160019622,1.07631691,1.069515343,0.814384041,0.859891463
1.003040101,1.00835068,1.160535899,1.07350453,1.070914694,0.811016691,0.856269894
1.004789272,0.994894807,1.161906117,1.077171671,1.071845774,0.817580434,0.853466993
1.002545428,0.997938168,1.162563284,1.064767375,1.071962587,0.805367099,0.862181873
1.00379394,1.004527974,1.161863648,1.070696393,1.065298026,0.811165328,0.861698145
0.996474277,1.000281502,1.154414107,1.06662128,1.065489167,0.816633965,0.862053207
1.001913991,0.990567086,1.162239769,1.074701156,1.0753275,0.817365832,0.86163568
0.997085398,1.000672308,1.159070392,1.063635622,1.068891408,0.812504873,0.869032409
0.99510485,0.99871281,1.161328209,1.075260915,1.079079316,0.808463777,0.860343744
0.99838467,1.006069979,1.162168392,1.06413456,1.065292874,0.803891327,0.85561417
0.999618867,0.99619031,1.158217308,1.062929542,1.070218049,0.806609093,0.862406806
0.998252613,0.996879769,1.16155027,1.077414584,1.059135777,0.806210096,0.862646559
0.998832949,0.996515137,1.160645972,1.074411808,1.061747655,0.803568625,0.856282658
0.995047077,1.004042309,1.170371849,1.079154304,1.075277386,0.805114964,0.861152444
1.001481247,0.995173559,1.164908435,1.0627191,1.063008982,0.813229933,0.862399851
0.990772444,0.997030544,1.164039963,1.069064962,1.065976419,0.812617892,0.87549636
1.006957129,0.995526701,1.163309378,1.072937373,1.062620714,0.80416717,0.861096769
0.997165024,0.997370273,1.160407079,1.069298072,1.066974252,0.811241889,0.857514372
0.994207495,0.99986636,1.165517956,1.063515748,1.074644903,0.80201363,0.868910966
0.997429563,0.995513419,1.15922828,1.087720772,1.071472483,0.803241755,0.866980296
0.992373155,1.004322586,1.157543745,1.071280876,1.068691837,0.809701799,0.860497208
1.007747186,0.996645669,1.160988044,1.065956539,1.080482707,0.802122574,0.863580731
1.00359523,0.998387927,1.164207713,1.071178867,1.068010405,0.806690125,0.85368265
0.998081462,1.006804742,1.163131507,1.067235745,1.063565475,0.802148427,0.864583494
1.004995823,0.996204194,1.159770081,1.069453267,1.0691356,0.804499445,0.863438868
0.993889445,1.000108181,1.157090649,1.071093099,1.069077025,0.812980128,0.860210676
0.998580185,1.000557935,1.161648361,1.075675121,1.066975862,0.804340009,0.862741059
1.004552069,0.993124869,1.158385572,1.078695224,1.064984998,0.808888822,0.855877868
1.004495737,0.986586855,1.165826328,1.068689633,1.072714425,0.809575924,0.856066055
1.001702091,1.000779148,1.152683737,1.072071638,1.064866457,0.811379744,0.863956413
0.999250435,1.01043189,1.160874776,1.065339862,1.071684585,0.81149263,0.867875747
1.00010991,0.992654935,1.163995442,1.070457941,1.071124118,0.803611855,0.870489893
1.007159742,1.008849691,1.158679586,1.066453359,1.062077371,0.822081596,0.860866586
1.005448619,0.994819501,1.163007492,1.068382764,1.064223427,0.803769869,0.855534626
1.002024455,1.005106078,1.158434398,1.069061063,1.079168405,0.813615125,0.862414903
1.000030465,0.997906688,1.161250592,1.076837054,1.07086154,0.818180842,0.866276163
1.005314871,0.998400871,1.166456055,1.06350909,1.071517773,0.814416634,0.866963494
1.000317349,0.997353355,1.158632637,1.075880374,1.067559029,0.803356231,0.854751457
0.994091246,1.013491578,1.161067997,1.066040024,1.06827933,0.807973122,0.860177748
